{"event_type":"purchase", "timestamp":"2017-06-14 18:46:50", "id": "5008", "amount": "47.99"}
{"event_type":"purchase", "timestamp":"2017-06-14 18:46:50", "id": "7891", "amount": "65.22"}
{"event_type":"purchase", "timestamp":"2017-06-14 18:46:50", "id": "1677", "amount": "70.52"}
{"event_type":"purchase", "timestamp":"2017-06-14 18:46:50", "id": "4485", "amount": "40.75"}
{"event_type":"purchase", "timestamp":"2017-06-14 18:46:50", "id": "5846", "amount": "18.55"}
{"event_type":"purchase", "timestamp":"2017-06-14 18:46:50", "id": "8840", "amount": "89.90"}
{"event_type":"purchase", "timestamp":"2017-06-14 18:46:50", "id": "6764", "amount": "29.74"}
{"event_type":"unfriend", "timestamp":"2017-06-14 18:46:50", "id1": "5256", "id2": "3150"}
{"event_type":"purchase", "timestamp":"2017-06-14 18:46:50", "id": "2743", "amount": "117.64"}
{"event_type":"purchase", "timestamp":"2017-06-14 18:46:50", "id": "1111", "amount": "13.15"}
{"event_type":"purchase", "timestamp":"2017-06-14 18:46:50", "id": "2122", "amount": "121.24"}
{"event_type":"purchase", "timestamp":"2017-06-14 18:46:50", "id": "8392", "amount": "121.04"}
{"event_type":"unfriend", "timestamp":"2017-06-14 18:46:50", "id1": "5646", "id2": "8314"}
{"event_type":"purchase", "timestamp":"2017-06-14 18:46:50", "id": "2296", "amount": "24.20"}
{"event_type":"purchase", "timestamp":"2017-06-14 18:46:50", "id": "3531", "amount": "21.87"}
{"event_type":"purchase", "timestamp":"2017-06-14 18:46:50", "id": "5802", "amount": "195.05"}
{"event_type":"purchase", "timestamp":"2017-06-14 18:46:50", "id": "3138", "amount": "127.87"}
{"event_type":"befriend", "timestamp":"2017-06-14 18:46:50", "id1": "3556", "id2": "2143"}
{"event_type":"purchase", "timestamp":"2017-06-14 18:46:50", "id": "7828", "amount": "40.00"}
{"event_type":"purchase", "timestamp":"2017-06-14 18:46:50", "id": "2769", "amount": "4.87"}
{"event_type":"befriend", "timestamp":"2017-06-14 18:46:50", "id1": "4961", "id2": "5209"}
{"event_type":"purchase", "timestamp":"2017-06-14 18:46:50", "id": "8884", "amount": "73.38"}
{"event_type":"purchase", "timestamp":"2017-06-14 18:46:50", "id": "5747", "amount": "52.67"}
{"event_type":"purchase", "timestamp":"2017-06-14 18:46:50", "id": "3535", "amount": "49.38"}
{"event_type":"purchase", "timestamp":"2017-06-14 18:46:50", "id": "9464", "amount": "42.26"}
{"event_type":"purchase", "timestamp":"2017-06-14 18:46:50", "id": "7982", "amount": "124.71"}
{"event_type":"purchase", "timestamp":"2017-06-14 18:46:50", "id": "496", "amount": "79.90"}
{"event_type":"purchase", "timestamp":"2017-06-14 18:46:50", "id": "6483", "amount": "25.50"}
{"event_type":"purchase", "timestamp":"2017-06-14 18:46:50", "id": "5844", "amount": "84.45"}
{"event_type":"purchase", "timestamp":"2017-06-14 18:46:50", "id": "8668", "amount": "160.95"}
{"event_type":"purchase", "timestamp":"2017-06-14 18:46:50", "id": "5928", "amount": "48.08"}
{"event_type":"purchase", "timestamp":"2017-06-14 18:46:50", "id": "1998", "amount": "31.61"}
{"event_type":"purchase", "timestamp":"2017-06-14 18:46:50", "id": "9775", "amount": "74.00"}
{"event_type":"purchase", "timestamp":"2017-06-14 18:46:50", "id": "2325", "amount": "47.56"}
{"event_type":"befriend", "timestamp":"2017-06-14 18:46:50", "id1": "8030", "id2": "9449"}
{"event_type":"purchase", "timestamp":"2017-06-14 18:46:50", "id": "4303", "amount": "39.24"}
{"event_type":"purchase", "timestamp":"2017-06-14 18:46:50", "id": "3052", "amount": "94.86"}
{"event_type":"purchase", "timestamp":"2017-06-14 18:46:50", "id": "7945", "amount": "154.25"}
{"event_type":"befriend", "timestamp":"2017-06-14 18:46:50", "id1": "8004", "id2": "7403"}
{"event_type":"purchase", "timestamp":"2017-06-14 18:46:50", "id": "1342", "amount": "23.85"}
{"event_type":"purchase", "timestamp":"2017-06-14 18:46:50", "id": "4164", "amount": "34.12"}
{"event_type":"befriend", "timestamp":"2017-06-14 18:46:50", "id1": "7487", "id2": "7377"}
{"event_type":"purchase", "timestamp":"2017-06-14 18:46:50", "id": "608", "amount": "40.62"}
{"event_type":"purchase", "timestamp":"2017-06-14 18:46:50", "id": "9272", "amount": "34.65"}
{"event_type":"purchase", "timestamp":"2017-06-14 18:46:50", "id": "1918", "amount": "84.98"}
{"event_type":"purchase", "timestamp":"2017-06-14 18:46:50", "id": "2650", "amount": "139.54"}
{"event_type":"befriend", "timestamp":"2017-06-14 18:46:50", "id1": "9926", "id2": "6937"}
{"event_type":"unfriend", "timestamp":"2017-06-14 18:46:50", "id1": "7198", "id2": "214"}
{"event_type":"purchase", "timestamp":"2017-06-14 18:46:50", "id": "191", "amount": "201.07"}
{"event_type":"purchase", "timestamp":"2017-06-14 18:46:50", "id": "6589", "amount": "57.89"}
{"event_type":"purchase", "timestamp":"2017-06-14 18:46:50", "id": "3853", "amount": "26.87"}
{"event_type":"befriend", "timestamp":"2017-06-14 18:46:50", "id1": "799", "id2": "8529"}
{"event_type":"purchase", "timestamp":"2017-06-14 18:46:50", "id": "6220", "amount": "117.81"}
{"event_type":"purchase", "timestamp":"2017-06-14 18:46:50", "id": "4450", "amount": "72.68"}
{"event_type":"purchase", "timestamp":"2017-06-14 18:46:50", "id": "2704", "amount": "46.37"}
{"event_type":"purchase", "timestamp":"2017-06-14 18:46:50", "id": "2626", "amount": "119.44"}
{"event_type":"purchase", "timestamp":"2017-06-14 18:46:50", "id": "7159", "amount": "150.88"}
{"event_type":"purchase", "timestamp":"2017-06-14 18:46:50", "id": "9581", "amount": "26.82"}
{"event_type":"purchase", "timestamp":"2017-06-14 18:46:50", "id": "4298", "amount": "19.08"}
{"event_type":"purchase", "timestamp":"2017-06-14 18:46:50", "id": "6189", "amount": "121.26"}
{"event_type":"purchase", "timestamp":"2017-06-14 18:46:50", "id": "9882", "amount": "11.82"}
{"event_type":"purchase", "timestamp":"2017-06-14 18:46:50", "id": "4106", "amount": "106.13"}
{"event_type":"purchase", "timestamp":"2017-06-14 18:46:50", "id": "68", "amount": "42.90"}
{"event_type":"purchase", "timestamp":"2017-06-14 18:46:50", "id": "9443", "amount": "13.64"}
{"event_type":"purchase", "timestamp":"2017-06-14 18:46:50", "id": "2755", "amount": "54.68"}
{"event_type":"purchase", "timestamp":"2017-06-14 18:46:50", "id": "9290", "amount": "66.69"}
{"event_type":"purchase", "timestamp":"2017-06-14 18:46:50", "id": "8126", "amount": "1.15"}
{"event_type":"befriend", "timestamp":"2017-06-14 18:46:50", "id1": "66", "id2": "423"}
{"event_type":"purchase", "timestamp":"2017-06-14 18:46:50", "id": "8706", "amount": "62.32"}
{"event_type":"purchase", "timestamp":"2017-06-14 18:46:50", "id": "2806", "amount": "34.41"}
{"event_type":"purchase", "timestamp":"2017-06-14 18:46:50", "id": "8736", "amount": "200.95"}
{"event_type":"purchase", "timestamp":"2017-06-14 18:46:50", "id": "5284", "amount": "79.58"}
{"event_type":"purchase", "timestamp":"2017-06-14 18:46:50", "id": "7763", "amount": "31.50"}
{"event_type":"purchase", "timestamp":"2017-06-14 18:46:50", "id": "8192", "amount": "18.07"}
{"event_type":"purchase", "timestamp":"2017-06-14 18:46:50", "id": "707", "amount": "30.95"}
{"event_type":"purchase", "timestamp":"2017-06-14 18:46:50", "id": "1905", "amount": "148.16"}
{"event_type":"purchase", "timestamp":"2017-06-14 18:46:50", "id": "4053", "amount": "27.16"}
{"event_type":"purchase", "timestamp":"2017-06-14 18:46:50", "id": "8763", "amount": "126.37"}
{"event_type":"befriend", "timestamp":"2017-06-14 18:46:50", "id1": "9983", "id2": "5784"}
{"event_type":"befriend", "timestamp":"2017-06-14 18:46:50", "id1": "7806", "id2": "2637"}
{"event_type":"purchase", "timestamp":"2017-06-14 18:46:50", "id": "3240", "amount": "11.93"}
{"event_type":"purchase", "timestamp":"2017-06-14 18:46:50", "id": "9593", "amount": "128.21"}
{"event_type":"befriend", "timestamp":"2017-06-14 18:46:50", "id1": "1887", "id2": "5481"}
{"event_type":"befriend", "timestamp":"2017-06-14 18:46:50", "id1": "2619", "id2": "4110"}
{"event_type":"purchase", "timestamp":"2017-06-14 18:46:50", "id": "5849", "amount": "8.24"}
{"event_type":"befriend", "timestamp":"2017-06-14 18:46:50", "id1": "9460", "id2": "6688"}
{"event_type":"purchase", "timestamp":"2017-06-14 18:46:50", "id": "5723", "amount": "108.38"}
{"event_type":"purchase", "timestamp":"2017-06-14 18:46:50", "id": "1464", "amount": "56.14"}
{"event_type":"purchase", "timestamp":"2017-06-14 18:46:50", "id": "3321", "amount": "32.41"}
{"event_type":"purchase", "timestamp":"2017-06-14 18:46:50", "id": "5240", "amount": "66.65"}
{"event_type":"purchase", "timestamp":"2017-06-14 18:46:50", "id": "2382", "amount": "79.08"}
{"event_type":"purchase", "timestamp":"2017-06-14 18:46:50", "id": "7654", "amount": "143.27"}
{"event_type":"purchase", "timestamp":"2017-06-14 18:46:50", "id": "2475", "amount": "39.26"}
{"event_type":"purchase", "timestamp":"2017-06-14 18:46:50", "id": "3196", "amount": "149.61"}
{"event_type":"purchase", "timestamp":"2017-06-14 18:46:50", "id": "1720", "amount": "115.49"}
{"event_type":"purchase", "timestamp":"2017-06-14 18:46:50", "id": "7242", "amount": "1.51"}
{"event_type":"purchase", "timestamp":"2017-06-14 18:46:50", "id": "7012", "amount": "25.97"}
{"event_type":"purchase", "timestamp":"2017-06-14 18:46:50", "id": "6120", "amount": "59.31"}
{"event_type":"befriend", "timestamp":"2017-06-14 18:46:50", "id1": "9244", "id2": "5934"}
{"event_type":"purchase", "timestamp":"2017-06-14 18:46:50", "id": "4229", "amount": "33.73"}
{"event_type":"purchase", "timestamp":"2017-06-14 18:46:50", "id": "8420", "amount": "35.16"}
{"event_type":"befriend", "timestamp":"2017-06-14 18:46:50", "id1": "8472", "id2": "7803"}
{"event_type":"purchase", "timestamp":"2017-06-14 18:46:50", "id": "8819", "amount": "98.68"}
{"event_type":"befriend", "timestamp":"2017-06-14 18:46:50", "id1": "6237", "id2": "8577"}
{"event_type":"purchase", "timestamp":"2017-06-14 18:46:50", "id": "895", "amount": "122.94"}
{"event_type":"befriend", "timestamp":"2017-06-14 18:46:50", "id1": "3002", "id2": "6025"}
{"event_type":"befriend", "timestamp":"2017-06-14 18:46:50", "id1": "5876", "id2": "9865"}
{"event_type":"purchase", "timestamp":"2017-06-14 18:46:50", "id": "2636", "amount": "63.26"}
{"event_type":"purchase", "timestamp":"2017-06-14 18:46:50", "id": "4306", "amount": "44.25"}
{"event_type":"purchase", "timestamp":"2017-06-14 18:46:50", "id": "1276", "amount": "18.35"}
{"event_type":"befriend", "timestamp":"2017-06-14 18:46:50", "id1": "9079", "id2": "7860"}
{"event_type":"purchase", "timestamp":"2017-06-14 18:46:50", "id": "9902", "amount": "31.85"}
{"event_type":"purchase", "timestamp":"2017-06-14 18:46:50", "id": "1089", "amount": "169.01"}
{"event_type":"purchase", "timestamp":"2017-06-14 18:46:50", "id": "7140", "amount": "70.23"}
{"event_type":"purchase", "timestamp":"2017-06-14 18:46:50", "id": "1270", "amount": "80.03"}
{"event_type":"purchase", "timestamp":"2017-06-14 18:46:50", "id": "4524", "amount": "4.09"}
{"event_type":"purchase", "timestamp":"2017-06-14 18:46:50", "id": "764", "amount": "83.71"}
{"event_type":"purchase", "timestamp":"2017-06-14 18:46:50", "id": "3963", "amount": "83.28"}
{"event_type":"purchase", "timestamp":"2017-06-14 18:46:50", "id": "9451", "amount": "26.84"}
{"event_type":"purchase", "timestamp":"2017-06-14 18:46:50", "id": "7289", "amount": "156.35"}
{"event_type":"purchase", "timestamp":"2017-06-14 18:46:50", "id": "1722", "amount": "137.79"}
{"event_type":"befriend", "timestamp":"2017-06-14 18:46:50", "id1": "7814", "id2": "2268"}
{"event_type":"purchase", "timestamp":"2017-06-14 18:46:50", "id": "797", "amount": "82.12"}
{"event_type":"purchase", "timestamp":"2017-06-14 18:46:50", "id": "3918", "amount": "26.13"}
{"event_type":"purchase", "timestamp":"2017-06-14 18:46:50", "id": "1637", "amount": "125.30"}
{"event_type":"purchase", "timestamp":"2017-06-14 18:46:50", "id": "3209", "amount": "19.64"}
{"event_type":"purchase", "timestamp":"2017-06-14 18:46:50", "id": "6313", "amount": "21.63"}
{"event_type":"purchase", "timestamp":"2017-06-14 18:46:50", "id": "1183", "amount": "31.22"}
{"event_type":"purchase", "timestamp":"2017-06-14 18:46:50", "id": "2075", "amount": "54.01"}
{"event_type":"purchase", "timestamp":"2017-06-14 18:46:50", "id": "2007", "amount": "51.59"}
{"event_type":"purchase", "timestamp":"2017-06-14 18:46:50", "id": "9652", "amount": "24.68"}
{"event_type":"purchase", "timestamp":"2017-06-14 18:46:50", "id": "8815", "amount": "39.78"}
{"event_type":"purchase", "timestamp":"2017-06-14 18:46:50", "id": "5398", "amount": "48.15"}
{"event_type":"purchase", "timestamp":"2017-06-14 18:46:50", "id": "8399", "amount": "34.25"}
{"event_type":"purchase", "timestamp":"2017-06-14 18:46:50", "id": "6604", "amount": "81.39"}
{"event_type":"purchase", "timestamp":"2017-06-14 18:46:50", "id": "8770", "amount": "34.48"}
{"event_type":"purchase", "timestamp":"2017-06-14 18:46:50", "id": "624", "amount": "74.29"}
{"event_type":"purchase", "timestamp":"2017-06-14 18:46:50", "id": "683", "amount": "96.58"}
{"event_type":"befriend", "timestamp":"2017-06-14 18:46:50", "id1": "9996", "id2": "5165"}
{"event_type":"purchase", "timestamp":"2017-06-14 18:46:50", "id": "8524", "amount": "82.39"}
{"event_type":"purchase", "timestamp":"2017-06-14 18:46:50", "id": "7566", "amount": "3.56"}
{"event_type":"befriend", "timestamp":"2017-06-14 18:46:50", "id1": "3407", "id2": "7787"}
{"event_type":"befriend", "timestamp":"2017-06-14 18:46:50", "id1": "3192", "id2": "4628"}
{"event_type":"befriend", "timestamp":"2017-06-14 18:46:50", "id1": "9472", "id2": "8314"}
{"event_type":"purchase", "timestamp":"2017-06-14 18:46:50", "id": "7665", "amount": "61.21"}
{"event_type":"purchase", "timestamp":"2017-06-14 18:46:50", "id": "2449", "amount": "47.12"}
{"event_type":"purchase", "timestamp":"2017-06-14 18:46:50", "id": "8693", "amount": "122.52"}
{"event_type":"purchase", "timestamp":"2017-06-14 18:46:50", "id": "9215", "amount": "41.93"}
{"event_type":"purchase", "timestamp":"2017-06-14 18:46:50", "id": "6701", "amount": "52.82"}
{"event_type":"purchase", "timestamp":"2017-06-14 18:46:50", "id": "5027", "amount": "45.02"}
{"event_type":"purchase", "timestamp":"2017-06-14 18:46:50", "id": "5223", "amount": "161.48"}
{"event_type":"befriend", "timestamp":"2017-06-14 18:46:50", "id1": "6061", "id2": "4482"}
{"event_type":"purchase", "timestamp":"2017-06-14 18:46:50", "id": "6933", "amount": "125.64"}
{"event_type":"purchase", "timestamp":"2017-06-14 18:46:50", "id": "4461", "amount": "7.51"}
{"event_type":"befriend", "timestamp":"2017-06-14 18:46:50", "id1": "7164", "id2": "6330"}
{"event_type":"purchase", "timestamp":"2017-06-14 18:46:50", "id": "6878", "amount": "205.11"}
{"event_type":"purchase", "timestamp":"2017-06-14 18:46:50", "id": "9335", "amount": "52.02"}
{"event_type":"purchase", "timestamp":"2017-06-14 18:46:50", "id": "8449", "amount": "81.50"}
{"event_type":"purchase", "timestamp":"2017-06-14 18:46:50", "id": "7957", "amount": "44.38"}
{"event_type":"purchase", "timestamp":"2017-06-14 18:46:50", "id": "1250", "amount": "76.82"}
{"event_type":"purchase", "timestamp":"2017-06-14 18:46:50", "id": "1252", "amount": "43.53"}
{"event_type":"purchase", "timestamp":"2017-06-14 18:46:50", "id": "3059", "amount": "135.78"}
{"event_type":"purchase", "timestamp":"2017-06-14 18:46:50", "id": "1192", "amount": "43.86"}
{"event_type":"purchase", "timestamp":"2017-06-14 18:46:50", "id": "872", "amount": "91.12"}
{"event_type":"purchase", "timestamp":"2017-06-14 18:46:50", "id": "1619", "amount": "18.95"}
{"event_type":"purchase", "timestamp":"2017-06-14 18:46:50", "id": "5122", "amount": "93.88"}
{"event_type":"purchase", "timestamp":"2017-06-14 18:46:50", "id": "5673", "amount": "34.37"}
{"event_type":"unfriend", "timestamp":"2017-06-14 18:46:50", "id1": "7816", "id2": "5554"}
{"event_type":"purchase", "timestamp":"2017-06-14 18:46:50", "id": "5114", "amount": "113.46"}
{"event_type":"purchase", "timestamp":"2017-06-14 18:46:50", "id": "9056", "amount": "68.15"}
{"event_type":"purchase", "timestamp":"2017-06-14 18:46:50", "id": "3806", "amount": "141.53"}
{"event_type":"purchase", "timestamp":"2017-06-14 18:46:50", "id": "1408", "amount": "37.13"}
{"event_type":"purchase", "timestamp":"2017-06-14 18:46:50", "id": "4779", "amount": "37.61"}
{"event_type":"purchase", "timestamp":"2017-06-14 18:46:50", "id": "3621", "amount": "130.95"}
{"event_type":"befriend", "timestamp":"2017-06-14 18:46:50", "id1": "927", "id2": "7742"}
{"event_type":"befriend", "timestamp":"2017-06-14 18:46:50", "id1": "4753", "id2": "4185"}
{"event_type":"purchase", "timestamp":"2017-06-14 18:46:50", "id": "851", "amount": "27.98"}
{"event_type":"purchase", "timestamp":"2017-06-14 18:46:50", "id": "2982", "amount": "31.73"}
{"event_type":"befriend", "timestamp":"2017-06-14 18:46:50", "id1": "2409", "id2": "7441"}
{"event_type":"purchase", "timestamp":"2017-06-14 18:46:50", "id": "9277", "amount": "55.17"}
{"event_type":"purchase", "timestamp":"2017-06-14 18:46:50", "id": "9156", "amount": "88.54"}
{"event_type":"purchase", "timestamp":"2017-06-14 18:46:50", "id": "2078", "amount": "130.11"}
{"event_type":"purchase", "timestamp":"2017-06-14 18:46:50", "id": "6097", "amount": "49.67"}
{"event_type":"befriend", "timestamp":"2017-06-14 18:46:50", "id1": "6755", "id2": "4991"}
{"event_type":"purchase", "timestamp":"2017-06-14 18:46:50", "id": "4678", "amount": "20.74"}
{"event_type":"purchase", "timestamp":"2017-06-14 18:46:50", "id": "9474", "amount": "102.64"}
{"event_type":"befriend", "timestamp":"2017-06-14 18:46:50", "id1": "5158", "id2": "1377"}
{"event_type":"purchase", "timestamp":"2017-06-14 18:46:50", "id": "3912", "amount": "82.71"}
{"event_type":"purchase", "timestamp":"2017-06-14 18:46:50", "id": "6260", "amount": "33.08"}
{"event_type":"befriend", "timestamp":"2017-06-14 18:46:50", "id1": "2225", "id2": "4147"}
{"event_type":"purchase", "timestamp":"2017-06-14 18:46:50", "id": "7023", "amount": "137.80"}
{"event_type":"purchase", "timestamp":"2017-06-14 18:46:50", "id": "8779", "amount": "101.25"}
{"event_type":"purchase", "timestamp":"2017-06-14 18:46:50", "id": "3734", "amount": "36.84"}
{"event_type":"befriend", "timestamp":"2017-06-14 18:46:50", "id1": "4575", "id2": "9122"}
{"event_type":"purchase", "timestamp":"2017-06-14 18:46:50", "id": "581", "amount": "29.04"}
{"event_type":"befriend", "timestamp":"2017-06-14 18:46:50", "id1": "3792", "id2": "3048"}
{"event_type":"befriend", "timestamp":"2017-06-14 18:46:50", "id1": "6576", "id2": "4432"}
{"event_type":"purchase", "timestamp":"2017-06-14 18:46:50", "id": "9366", "amount": "23.00"}
{"event_type":"purchase", "timestamp":"2017-06-14 18:46:50", "id": "2384", "amount": "51.09"}
{"event_type":"befriend", "timestamp":"2017-06-14 18:46:50", "id1": "7019", "id2": "1794"}
{"event_type":"purchase", "timestamp":"2017-06-14 18:46:50", "id": "8155", "amount": "129.98"}
{"event_type":"purchase", "timestamp":"2017-06-14 18:46:50", "id": "6673", "amount": "106.23"}
{"event_type":"purchase", "timestamp":"2017-06-14 18:46:50", "id": "7491", "amount": "22.59"}
{"event_type":"purchase", "timestamp":"2017-06-14 18:46:50", "id": "140", "amount": "28.83"}
{"event_type":"purchase", "timestamp":"2017-06-14 18:46:50", "id": "2683", "amount": "14.63"}
{"event_type":"befriend", "timestamp":"2017-06-14 18:46:50", "id1": "3212", "id2": "5087"}
{"event_type":"purchase", "timestamp":"2017-06-14 18:46:50", "id": "9556", "amount": "15.75"}
{"event_type":"purchase", "timestamp":"2017-06-14 18:46:50", "id": "7586", "amount": "24.22"}
{"event_type":"purchase", "timestamp":"2017-06-14 18:46:50", "id": "5842", "amount": "79.37"}
{"event_type":"purchase", "timestamp":"2017-06-14 18:46:50", "id": "2622", "amount": "42.91"}
{"event_type":"purchase", "timestamp":"2017-06-14 18:46:50", "id": "9129", "amount": "1.11"}
{"event_type":"purchase", "timestamp":"2017-06-14 18:46:50", "id": "2296", "amount": "36.86"}
{"event_type":"purchase", "timestamp":"2017-06-14 18:46:50", "id": "100", "amount": "100.50"}
{"event_type":"purchase", "timestamp":"2017-06-14 18:46:50", "id": "5072", "amount": "83.48"}
{"event_type":"purchase", "timestamp":"2017-06-14 18:46:50", "id": "8352", "amount": "115.09"}
{"event_type":"befriend", "timestamp":"2017-06-14 18:46:50", "id1": "222", "id2": "7740"}
{"event_type":"purchase", "timestamp":"2017-06-14 18:46:50", "id": "652", "amount": "103.29"}
{"event_type":"purchase", "timestamp":"2017-06-14 18:46:50", "id": "4266", "amount": "45.60"}
{"event_type":"purchase", "timestamp":"2017-06-14 18:46:50", "id": "8252", "amount": "21.09"}
{"event_type":"purchase", "timestamp":"2017-06-14 18:46:50", "id": "7876", "amount": "17.74"}
{"event_type":"befriend", "timestamp":"2017-06-14 18:46:50", "id1": "6215", "id2": "3959"}
{"event_type":"purchase", "timestamp":"2017-06-14 18:46:50", "id": "6474", "amount": "52.90"}
{"event_type":"purchase", "timestamp":"2017-06-14 18:46:50", "id": "3707", "amount": "31.01"}
{"event_type":"purchase", "timestamp":"2017-06-14 18:46:50", "id": "4289", "amount": "42.00"}
{"event_type":"purchase", "timestamp":"2017-06-14 18:46:50", "id": "4919", "amount": "20.95"}
{"event_type":"befriend", "timestamp":"2017-06-14 18:46:50", "id1": "6816", "id2": "7153"}
{"event_type":"purchase", "timestamp":"2017-06-14 18:46:50", "id": "5242", "amount": "78.21"}
{"event_type":"befriend", "timestamp":"2017-06-14 18:46:50", "id1": "7876", "id2": "337"}
{"event_type":"purchase", "timestamp":"2017-06-14 18:46:50", "id": "3424", "amount": "20.23"}
{"event_type":"befriend", "timestamp":"2017-06-14 18:46:50", "id1": "1739", "id2": "9239"}
{"event_type":"purchase", "timestamp":"2017-06-14 18:46:50", "id": "7571", "amount": "39.71"}
{"event_type":"befriend", "timestamp":"2017-06-14 18:46:50", "id1": "9065", "id2": "1317"}
{"event_type":"purchase", "timestamp":"2017-06-14 18:46:50", "id": "9406", "amount": "43.55"}
{"event_type":"purchase", "timestamp":"2017-06-14 18:46:50", "id": "2340", "amount": "98.53"}
{"event_type":"befriend", "timestamp":"2017-06-14 18:46:50", "id1": "2105", "id2": "3435"}
{"event_type":"purchase", "timestamp":"2017-06-14 18:46:50", "id": "7276", "amount": "66.97"}
{"event_type":"befriend", "timestamp":"2017-06-14 18:46:50", "id1": "8574", "id2": "6269"}
{"event_type":"befriend", "timestamp":"2017-06-14 18:46:50", "id1": "6568", "id2": "6193"}
{"event_type":"befriend", "timestamp":"2017-06-14 18:46:50", "id1": "313", "id2": "611"}
{"event_type":"befriend", "timestamp":"2017-06-14 18:46:50", "id1": "5204", "id2": "2931"}
{"event_type":"purchase", "timestamp":"2017-06-14 18:46:50", "id": "3909", "amount": "23.13"}
{"event_type":"purchase", "timestamp":"2017-06-14 18:46:50", "id": "3486", "amount": "62.83"}
{"event_type":"purchase", "timestamp":"2017-06-14 18:46:50", "id": "7912", "amount": "36.84"}
{"event_type":"purchase", "timestamp":"2017-06-14 18:46:50", "id": "259", "amount": "110.81"}
{"event_type":"purchase", "timestamp":"2017-06-14 18:46:50", "id": "2623", "amount": "43.41"}
{"event_type":"purchase", "timestamp":"2017-06-14 18:46:50", "id": "5153", "amount": "23.64"}
{"event_type":"befriend", "timestamp":"2017-06-14 18:46:50", "id1": "2059", "id2": "7581"}
{"event_type":"purchase", "timestamp":"2017-06-14 18:46:50", "id": "9788", "amount": "33.72"}
{"event_type":"purchase", "timestamp":"2017-06-14 18:46:50", "id": "7769", "amount": "44.52"}
{"event_type":"purchase", "timestamp":"2017-06-14 18:46:50", "id": "887", "amount": "74.52"}
{"event_type":"purchase", "timestamp":"2017-06-14 18:46:50", "id": "8680", "amount": "90.40"}
{"event_type":"befriend", "timestamp":"2017-06-14 18:46:50", "id1": "1843", "id2": "6073"}
{"event_type":"purchase", "timestamp":"2017-06-14 18:46:50", "id": "9440", "amount": "136.82"}
{"event_type":"befriend", "timestamp":"2017-06-14 18:46:50", "id1": "4969", "id2": "6809"}
{"event_type":"befriend", "timestamp":"2017-06-14 18:46:50", "id1": "1038", "id2": "5907"}
{"event_type":"purchase", "timestamp":"2017-06-14 18:46:50", "id": "272", "amount": "102.30"}
{"event_type":"purchase", "timestamp":"2017-06-14 18:46:50", "id": "2588", "amount": "50.42"}
{"event_type":"purchase", "timestamp":"2017-06-14 18:46:50", "id": "6975", "amount": "32.30"}
{"event_type":"befriend", "timestamp":"2017-06-14 18:46:50", "id1": "1612", "id2": "9199"}
{"event_type":"purchase", "timestamp":"2017-06-14 18:46:50", "id": "5948", "amount": "58.80"}
{"event_type":"befriend", "timestamp":"2017-06-14 18:46:50", "id1": "8391", "id2": "6232"}
{"event_type":"purchase", "timestamp":"2017-06-14 18:46:50", "id": "5551", "amount": "169.16"}
{"event_type":"purchase", "timestamp":"2017-06-14 18:46:50", "id": "5705", "amount": "80.99"}
{"event_type":"purchase", "timestamp":"2017-06-14 18:46:50", "id": "3568", "amount": "62.98"}
{"event_type":"unfriend", "timestamp":"2017-06-14 18:46:50", "id1": "5203", "id2": "5673"}
{"event_type":"purchase", "timestamp":"2017-06-14 18:46:50", "id": "7142", "amount": "112.87"}
{"event_type":"befriend", "timestamp":"2017-06-14 18:46:50", "id1": "6546", "id2": "1570"}
{"event_type":"purchase", "timestamp":"2017-06-14 18:46:50", "id": "2489", "amount": "18.90"}
{"event_type":"purchase", "timestamp":"2017-06-14 18:46:50", "id": "7119", "amount": "144.73"}
{"event_type":"purchase", "timestamp":"2017-06-14 18:46:50", "id": "4027", "amount": "46.08"}
{"event_type":"purchase", "timestamp":"2017-06-14 18:46:50", "id": "3284", "amount": "109.10"}
{"event_type":"purchase", "timestamp":"2017-06-14 18:46:50", "id": "397", "amount": "41.64"}
{"event_type":"befriend", "timestamp":"2017-06-14 18:46:50", "id1": "6139", "id2": "368"}
{"event_type":"befriend", "timestamp":"2017-06-14 18:46:50", "id1": "5304", "id2": "7622"}
{"event_type":"purchase", "timestamp":"2017-06-14 18:46:50", "id": "7510", "amount": "121.26"}
{"event_type":"befriend", "timestamp":"2017-06-14 18:46:50", "id1": "7609", "id2": "432"}
{"event_type":"purchase", "timestamp":"2017-06-14 18:46:50", "id": "4434", "amount": "162.10"}
{"event_type":"befriend", "timestamp":"2017-06-14 18:46:50", "id1": "9861", "id2": "3901"}
{"event_type":"befriend", "timestamp":"2017-06-14 18:46:50", "id1": "1521", "id2": "7638"}
{"event_type":"befriend", "timestamp":"2017-06-14 18:46:50", "id1": "7477", "id2": "6063"}
{"event_type":"purchase", "timestamp":"2017-06-14 18:46:50", "id": "4587", "amount": "43.39"}
{"event_type":"purchase", "timestamp":"2017-06-14 18:46:50", "id": "8091", "amount": "30.19"}
{"event_type":"befriend", "timestamp":"2017-06-14 18:46:50", "id1": "5194", "id2": "1709"}
{"event_type":"purchase", "timestamp":"2017-06-14 18:46:50", "id": "3249", "amount": "17.04"}
{"event_type":"purchase", "timestamp":"2017-06-14 18:46:50", "id": "3615", "amount": "5.61"}
{"event_type":"befriend", "timestamp":"2017-06-14 18:46:50", "id1": "4571", "id2": "3184"}
{"event_type":"purchase", "timestamp":"2017-06-14 18:46:50", "id": "1372", "amount": "112.90"}
{"event_type":"purchase", "timestamp":"2017-06-14 18:46:50", "id": "8672", "amount": "3.54"}
{"event_type":"purchase", "timestamp":"2017-06-14 18:46:50", "id": "826", "amount": "38.26"}
{"event_type":"purchase", "timestamp":"2017-06-14 18:46:50", "id": "9483", "amount": "41.55"}
{"event_type":"purchase", "timestamp":"2017-06-14 18:46:50", "id": "4347", "amount": "10.56"}
{"event_type":"purchase", "timestamp":"2017-06-14 18:46:50", "id": "7015", "amount": "116.09"}
{"event_type":"befriend", "timestamp":"2017-06-14 18:46:50", "id1": "8692", "id2": "1650"}
{"event_type":"befriend", "timestamp":"2017-06-14 18:46:50", "id1": "560", "id2": "1595"}
{"event_type":"purchase", "timestamp":"2017-06-14 18:46:50", "id": "9696", "amount": "140.81"}
{"event_type":"purchase", "timestamp":"2017-06-14 18:46:50", "id": "5202", "amount": "39.60"}
{"event_type":"purchase", "timestamp":"2017-06-14 18:46:50", "id": "5665", "amount": "53.47"}
{"event_type":"purchase", "timestamp":"2017-06-14 18:46:50", "id": "4771", "amount": "41.81"}
{"event_type":"purchase", "timestamp":"2017-06-14 18:46:50", "id": "671", "amount": "31.88"}
{"event_type":"purchase", "timestamp":"2017-06-14 18:46:50", "id": "7152", "amount": "87.11"}
{"event_type":"purchase", "timestamp":"2017-06-14 18:46:50", "id": "5273", "amount": "85.37"}
{"event_type":"purchase", "timestamp":"2017-06-14 18:46:50", "id": "455", "amount": "9.25"}
{"event_type":"purchase", "timestamp":"2017-06-14 18:46:50", "id": "5433", "amount": "38.81"}
{"event_type":"befriend", "timestamp":"2017-06-14 18:46:50", "id1": "2681", "id2": "3492"}
{"event_type":"purchase", "timestamp":"2017-06-14 18:46:50", "id": "1419", "amount": "64.33"}
{"event_type":"purchase", "timestamp":"2017-06-14 18:46:50", "id": "3628", "amount": "24.46"}
{"event_type":"befriend", "timestamp":"2017-06-14 18:46:50", "id1": "7891", "id2": "536"}
{"event_type":"purchase", "timestamp":"2017-06-14 18:46:50", "id": "722", "amount": "65.76"}
{"event_type":"purchase", "timestamp":"2017-06-14 18:46:50", "id": "7207", "amount": "128.83"}
{"event_type":"purchase", "timestamp":"2017-06-14 18:46:50", "id": "1463", "amount": "102.76"}
{"event_type":"purchase", "timestamp":"2017-06-14 18:46:50", "id": "1851", "amount": "34.20"}
{"event_type":"befriend", "timestamp":"2017-06-14 18:46:50", "id1": "8756", "id2": "9392"}
{"event_type":"purchase", "timestamp":"2017-06-14 18:46:50", "id": "5093", "amount": "44.44"}
{"event_type":"purchase", "timestamp":"2017-06-14 18:46:50", "id": "5756", "amount": "100.16"}
{"event_type":"purchase", "timestamp":"2017-06-14 18:46:50", "id": "6456", "amount": "10.76"}
{"event_type":"purchase", "timestamp":"2017-06-14 18:46:50", "id": "6333", "amount": "86.44"}
{"event_type":"purchase", "timestamp":"2017-06-14 18:46:50", "id": "1172", "amount": "42.37"}
{"event_type":"purchase", "timestamp":"2017-06-14 18:46:50", "id": "7176", "amount": "56.20"}
{"event_type":"purchase", "timestamp":"2017-06-14 18:46:50", "id": "9923", "amount": "57.57"}
{"event_type":"purchase", "timestamp":"2017-06-14 18:46:50", "id": "4946", "amount": "126.92"}
{"event_type":"purchase", "timestamp":"2017-06-14 18:46:50", "id": "9174", "amount": "11.82"}
{"event_type":"purchase", "timestamp":"2017-06-14 18:46:50", "id": "155", "amount": "110.22"}
{"event_type":"purchase", "timestamp":"2017-06-14 18:46:50", "id": "3993", "amount": "121.88"}
{"event_type":"purchase", "timestamp":"2017-06-14 18:46:50", "id": "3226", "amount": "115.31"}
{"event_type":"purchase", "timestamp":"2017-06-14 18:46:50", "id": "9218", "amount": "14.78"}
{"event_type":"befriend", "timestamp":"2017-06-14 18:46:50", "id1": "7194", "id2": "5563"}
{"event_type":"purchase", "timestamp":"2017-06-14 18:46:50", "id": "8931", "amount": "140.64"}
{"event_type":"purchase", "timestamp":"2017-06-14 18:46:50", "id": "5306", "amount": "81.94"}
{"event_type":"purchase", "timestamp":"2017-06-14 18:46:50", "id": "1762", "amount": "15.70"}
{"event_type":"purchase", "timestamp":"2017-06-14 18:46:50", "id": "6559", "amount": "86.14"}
{"event_type":"purchase", "timestamp":"2017-06-14 18:46:50", "id": "6791", "amount": "61.40"}
{"event_type":"purchase", "timestamp":"2017-06-14 18:46:50", "id": "4136", "amount": "40.89"}
{"event_type":"purchase", "timestamp":"2017-06-14 18:46:50", "id": "9257", "amount": "81.37"}
{"event_type":"purchase", "timestamp":"2017-06-14 18:46:50", "id": "3847", "amount": "14.62"}
{"event_type":"purchase", "timestamp":"2017-06-14 18:46:50", "id": "7852", "amount": "32.45"}
{"event_type":"purchase", "timestamp":"2017-06-14 18:46:50", "id": "1103", "amount": "96.14"}
{"event_type":"befriend", "timestamp":"2017-06-14 18:46:50", "id1": "806", "id2": "3485"}
{"event_type":"purchase", "timestamp":"2017-06-14 18:46:50", "id": "8745", "amount": "90.92"}
{"event_type":"befriend", "timestamp":"2017-06-14 18:46:50", "id1": "8757", "id2": "1848"}
{"event_type":"purchase", "timestamp":"2017-06-14 18:46:50", "id": "2497", "amount": "52.96"}
{"event_type":"purchase", "timestamp":"2017-06-14 18:46:50", "id": "3803", "amount": "56.19"}
{"event_type":"purchase", "timestamp":"2017-06-14 18:46:50", "id": "2374", "amount": "86.33"}
{"event_type":"befriend", "timestamp":"2017-06-14 18:46:50", "id1": "7101", "id2": "2900"}
{"event_type":"purchase", "timestamp":"2017-06-14 18:46:50", "id": "8149", "amount": "8.76"}
{"event_type":"purchase", "timestamp":"2017-06-14 18:46:50", "id": "1321", "amount": "50.30"}
{"event_type":"befriend", "timestamp":"2017-06-14 18:46:50", "id1": "4082", "id2": "973"}
{"event_type":"befriend", "timestamp":"2017-06-14 18:46:50", "id1": "2851", "id2": "9360"}
{"event_type":"purchase", "timestamp":"2017-06-14 18:46:50", "id": "4094", "amount": "189.71"}
{"event_type":"purchase", "timestamp":"2017-06-14 18:46:50", "id": "8355", "amount": "58.54"}
{"event_type":"purchase", "timestamp":"2017-06-14 18:46:50", "id": "8623", "amount": "144.27"}
{"event_type":"purchase", "timestamp":"2017-06-14 18:46:50", "id": "902", "amount": "24.67"}
{"event_type":"purchase", "timestamp":"2017-06-14 18:46:50", "id": "8446", "amount": "44.21"}
{"event_type":"unfriend", "timestamp":"2017-06-14 18:46:50", "id1": "4909", "id2": "5417"}
{"event_type":"purchase", "timestamp":"2017-06-14 18:46:50", "id": "6518", "amount": "40.94"}
{"event_type":"purchase", "timestamp":"2017-06-14 18:46:50", "id": "4484", "amount": "30.52"}
{"event_type":"purchase", "timestamp":"2017-06-14 18:46:50", "id": "7056", "amount": "110.30"}
{"event_type":"befriend", "timestamp":"2017-06-14 18:46:50", "id1": "9238", "id2": "5608"}
{"event_type":"befriend", "timestamp":"2017-06-14 18:46:50", "id1": "7127", "id2": "8634"}
{"event_type":"purchase", "timestamp":"2017-06-14 18:46:50", "id": "2762", "amount": "51.15"}
{"event_type":"purchase", "timestamp":"2017-06-14 18:46:50", "id": "4795", "amount": "29.61"}
{"event_type":"purchase", "timestamp":"2017-06-14 18:46:50", "id": "3792", "amount": "74.38"}
{"event_type":"purchase", "timestamp":"2017-06-14 18:46:50", "id": "1273", "amount": "95.13"}
{"event_type":"purchase", "timestamp":"2017-06-14 18:46:50", "id": "7888", "amount": "69.12"}
{"event_type":"purchase", "timestamp":"2017-06-14 18:46:50", "id": "2163", "amount": "55.14"}
{"event_type":"purchase", "timestamp":"2017-06-14 18:46:50", "id": "2111", "amount": "25.08"}
{"event_type":"purchase", "timestamp":"2017-06-14 18:46:50", "id": "7356", "amount": "31.67"}
{"event_type":"purchase", "timestamp":"2017-06-14 18:46:50", "id": "4325", "amount": "29.37"}
{"event_type":"befriend", "timestamp":"2017-06-14 18:46:50", "id1": "8081", "id2": "9228"}
{"event_type":"purchase", "timestamp":"2017-06-14 18:46:50", "id": "3987", "amount": "98.09"}
{"event_type":"purchase", "timestamp":"2017-06-14 18:46:50", "id": "8590", "amount": "51.09"}
{"event_type":"purchase", "timestamp":"2017-06-14 18:46:50", "id": "1508", "amount": "19.29"}
{"event_type":"befriend", "timestamp":"2017-06-14 18:46:50", "id1": "1949", "id2": "6105"}
{"event_type":"purchase", "timestamp":"2017-06-14 18:46:50", "id": "6219", "amount": "71.55"}
{"event_type":"befriend", "timestamp":"2017-06-14 18:46:50", "id1": "5111", "id2": "1708"}
{"event_type":"purchase", "timestamp":"2017-06-14 18:46:50", "id": "4182", "amount": "117.29"}
{"event_type":"purchase", "timestamp":"2017-06-14 18:46:50", "id": "7412", "amount": "8.65"}
{"event_type":"unfriend", "timestamp":"2017-06-14 18:46:50", "id1": "7916", "id2": "5120"}
{"event_type":"purchase", "timestamp":"2017-06-14 18:46:50", "id": "6488", "amount": "32.00"}
{"event_type":"purchase", "timestamp":"2017-06-14 18:46:50", "id": "9523", "amount": "54.72"}
{"event_type":"purchase", "timestamp":"2017-06-14 18:46:50", "id": "4564", "amount": "113.10"}
{"event_type":"purchase", "timestamp":"2017-06-14 18:46:50", "id": "6018", "amount": "46.44"}
{"event_type":"purchase", "timestamp":"2017-06-14 18:46:50", "id": "3661", "amount": "155.45"}
{"event_type":"befriend", "timestamp":"2017-06-14 18:46:50", "id1": "128", "id2": "9695"}
{"event_type":"purchase", "timestamp":"2017-06-14 18:46:50", "id": "965", "amount": "30.75"}
{"event_type":"purchase", "timestamp":"2017-06-14 18:46:50", "id": "1981", "amount": "28.49"}
{"event_type":"purchase", "timestamp":"2017-06-14 18:46:50", "id": "4617", "amount": "86.03"}
{"event_type":"befriend", "timestamp":"2017-06-14 18:46:50", "id1": "841", "id2": "8230"}
{"event_type":"purchase", "timestamp":"2017-06-14 18:46:50", "id": "3847", "amount": "98.43"}
{"event_type":"purchase", "timestamp":"2017-06-14 18:46:50", "id": "9059", "amount": "48.53"}
{"event_type":"purchase", "timestamp":"2017-06-14 18:46:50", "id": "1007", "amount": "48.14"}
{"event_type":"purchase", "timestamp":"2017-06-14 18:46:50", "id": "6281", "amount": "87.15"}
{"event_type":"purchase", "timestamp":"2017-06-14 18:46:50", "id": "3655", "amount": "127.34"}
{"event_type":"purchase", "timestamp":"2017-06-14 18:46:50", "id": "2673", "amount": "104.54"}
{"event_type":"purchase", "timestamp":"2017-06-14 18:46:50", "id": "7538", "amount": "70.71"}
{"event_type":"purchase", "timestamp":"2017-06-14 18:46:50", "id": "3598", "amount": "96.72"}
{"event_type":"purchase", "timestamp":"2017-06-14 18:46:50", "id": "5159", "amount": "63.23"}
{"event_type":"purchase", "timestamp":"2017-06-14 18:46:50", "id": "3719", "amount": "19.57"}
{"event_type":"purchase", "timestamp":"2017-06-14 18:46:50", "id": "3445", "amount": "171.42"}
{"event_type":"purchase", "timestamp":"2017-06-14 18:46:50", "id": "8060", "amount": "93.85"}
{"event_type":"purchase", "timestamp":"2017-06-14 18:46:50", "id": "4449", "amount": "26.19"}
{"event_type":"befriend", "timestamp":"2017-06-14 18:46:50", "id1": "3608", "id2": "5684"}
{"event_type":"purchase", "timestamp":"2017-06-14 18:46:50", "id": "3521", "amount": "69.05"}
{"event_type":"purchase", "timestamp":"2017-06-14 18:46:50", "id": "9822", "amount": "43.65"}
{"event_type":"purchase", "timestamp":"2017-06-14 18:46:50", "id": "8072", "amount": "18.15"}
{"event_type":"purchase", "timestamp":"2017-06-14 18:46:50", "id": "6131", "amount": "40.01"}
{"event_type":"befriend", "timestamp":"2017-06-14 18:46:50", "id1": "3303", "id2": "2422"}
{"event_type":"purchase", "timestamp":"2017-06-14 18:46:50", "id": "6025", "amount": "141.73"}
{"event_type":"purchase", "timestamp":"2017-06-14 18:46:50", "id": "5860", "amount": "54.34"}
{"event_type":"purchase", "timestamp":"2017-06-14 18:46:50", "id": "2545", "amount": "64.33"}
{"event_type":"purchase", "timestamp":"2017-06-14 18:46:50", "id": "2178", "amount": "53.56"}
{"event_type":"purchase", "timestamp":"2017-06-14 18:46:50", "id": "9002", "amount": "47.11"}
{"event_type":"purchase", "timestamp":"2017-06-14 18:46:50", "id": "3830", "amount": "97.11"}
{"event_type":"purchase", "timestamp":"2017-06-14 18:46:50", "id": "4369", "amount": "60.41"}
{"event_type":"purchase", "timestamp":"2017-06-14 18:46:50", "id": "261", "amount": "13.59"}
{"event_type":"befriend", "timestamp":"2017-06-14 18:46:50", "id1": "198", "id2": "8860"}
{"event_type":"purchase", "timestamp":"2017-06-14 18:46:50", "id": "9101", "amount": "52.98"}
{"event_type":"purchase", "timestamp":"2017-06-14 18:46:50", "id": "4054", "amount": "34.96"}
{"event_type":"purchase", "timestamp":"2017-06-14 18:46:50", "id": "2224", "amount": "81.76"}
{"event_type":"purchase", "timestamp":"2017-06-14 18:46:50", "id": "8708", "amount": "49.80"}
{"event_type":"purchase", "timestamp":"2017-06-14 18:46:50", "id": "8170", "amount": "38.89"}
{"event_type":"purchase", "timestamp":"2017-06-14 18:46:50", "id": "8910", "amount": "111.96"}
{"event_type":"purchase", "timestamp":"2017-06-14 18:46:50", "id": "7967", "amount": "67.35"}
{"event_type":"befriend", "timestamp":"2017-06-14 18:46:50", "id1": "1407", "id2": "9717"}
{"event_type":"purchase", "timestamp":"2017-06-14 18:46:50", "id": "3697", "amount": "86.58"}
{"event_type":"purchase", "timestamp":"2017-06-14 18:46:50", "id": "350", "amount": "13.98"}
{"event_type":"purchase", "timestamp":"2017-06-14 18:46:50", "id": "9814", "amount": "10.83"}
{"event_type":"purchase", "timestamp":"2017-06-14 18:46:50", "id": "2065", "amount": "132.14"}
{"event_type":"purchase", "timestamp":"2017-06-14 18:46:50", "id": "1764", "amount": "110.48"}
{"event_type":"purchase", "timestamp":"2017-06-14 18:46:50", "id": "3446", "amount": "24.98"}
{"event_type":"purchase", "timestamp":"2017-06-14 18:46:50", "id": "2361", "amount": "70.04"}
{"event_type":"purchase", "timestamp":"2017-06-14 18:46:50", "id": "5726", "amount": "67.56"}
{"event_type":"purchase", "timestamp":"2017-06-14 18:46:50", "id": "3354", "amount": "26.19"}
{"event_type":"befriend", "timestamp":"2017-06-14 18:46:50", "id1": "4098", "id2": "2682"}
{"event_type":"purchase", "timestamp":"2017-06-14 18:46:50", "id": "1930", "amount": "95.41"}
{"event_type":"purchase", "timestamp":"2017-06-14 18:46:50", "id": "2761", "amount": "5.93"}
{"event_type":"befriend", "timestamp":"2017-06-14 18:46:50", "id1": "1689", "id2": "5221"}
{"event_type":"purchase", "timestamp":"2017-06-14 18:46:50", "id": "9656", "amount": "26.97"}
{"event_type":"purchase", "timestamp":"2017-06-14 18:46:50", "id": "1510", "amount": "50.61"}
{"event_type":"purchase", "timestamp":"2017-06-14 18:46:50", "id": "7270", "amount": "69.22"}
{"event_type":"purchase", "timestamp":"2017-06-14 18:46:50", "id": "1936", "amount": "36.63"}
{"event_type":"purchase", "timestamp":"2017-06-14 18:46:50", "id": "8821", "amount": "58.87"}
{"event_type":"befriend", "timestamp":"2017-06-14 18:46:50", "id1": "5239", "id2": "4273"}
{"event_type":"purchase", "timestamp":"2017-06-14 18:46:50", "id": "3618", "amount": "8.77"}
{"event_type":"purchase", "timestamp":"2017-06-14 18:46:50", "id": "0", "amount": "91.01"}
{"event_type":"purchase", "timestamp":"2017-06-14 18:46:50", "id": "6501", "amount": "143.76"}
{"event_type":"befriend", "timestamp":"2017-06-14 18:46:50", "id1": "1467", "id2": "2198"}
{"event_type":"purchase", "timestamp":"2017-06-14 18:46:50", "id": "5437", "amount": "107.06"}
{"event_type":"purchase", "timestamp":"2017-06-14 18:46:50", "id": "7274", "amount": "41.32"}
{"event_type":"purchase", "timestamp":"2017-06-14 18:46:50", "id": "8813", "amount": "109.90"}
{"event_type":"befriend", "timestamp":"2017-06-14 18:46:50", "id1": "2379", "id2": "693"}
{"event_type":"befriend", "timestamp":"2017-06-14 18:46:50", "id1": "5470", "id2": "8999"}
{"event_type":"befriend", "timestamp":"2017-06-14 18:46:50", "id1": "521", "id2": "6903"}
{"event_type":"purchase", "timestamp":"2017-06-14 18:46:50", "id": "409", "amount": "26.33"}
{"event_type":"purchase", "timestamp":"2017-06-14 18:46:50", "id": "3143", "amount": "73.36"}
{"event_type":"purchase", "timestamp":"2017-06-14 18:46:50", "id": "3579", "amount": "25.35"}
{"event_type":"purchase", "timestamp":"2017-06-14 18:46:50", "id": "5581", "amount": "66.62"}
{"event_type":"purchase", "timestamp":"2017-06-14 18:46:50", "id": "593", "amount": "61.29"}
{"event_type":"purchase", "timestamp":"2017-06-14 18:46:50", "id": "246", "amount": "219.00"}
{"event_type":"purchase", "timestamp":"2017-06-14 18:46:50", "id": "5835", "amount": "33.42"}
{"event_type":"purchase", "timestamp":"2017-06-14 18:46:50", "id": "363", "amount": "41.84"}
{"event_type":"purchase", "timestamp":"2017-06-14 18:46:50", "id": "3852", "amount": "49.20"}
{"event_type":"purchase", "timestamp":"2017-06-14 18:46:50", "id": "4935", "amount": "17.68"}
{"event_type":"befriend", "timestamp":"2017-06-14 18:46:50", "id1": "2547", "id2": "6836"}
{"event_type":"purchase", "timestamp":"2017-06-14 18:46:50", "id": "8775", "amount": "141.25"}
{"event_type":"purchase", "timestamp":"2017-06-14 18:46:50", "id": "1574", "amount": "47.69"}
{"event_type":"purchase", "timestamp":"2017-06-14 18:46:50", "id": "1135", "amount": "94.77"}
{"event_type":"befriend", "timestamp":"2017-06-14 18:46:50", "id1": "5054", "id2": "6451"}
{"event_type":"purchase", "timestamp":"2017-06-14 18:46:50", "id": "7122", "amount": "165.28"}
{"event_type":"purchase", "timestamp":"2017-06-14 18:46:50", "id": "7697", "amount": "1.26"}
{"event_type":"purchase", "timestamp":"2017-06-14 18:46:50", "id": "1577", "amount": "15.15"}
{"event_type":"purchase", "timestamp":"2017-06-14 18:46:50", "id": "3950", "amount": "128.59"}
{"event_type":"befriend", "timestamp":"2017-06-14 18:46:50", "id1": "9688", "id2": "1132"}
{"event_type":"purchase", "timestamp":"2017-06-14 18:46:50", "id": "4816", "amount": "23.55"}
{"event_type":"purchase", "timestamp":"2017-06-14 18:46:50", "id": "8847", "amount": "26.34"}
{"event_type":"befriend", "timestamp":"2017-06-14 18:46:50", "id1": "1651", "id2": "3660"}
{"event_type":"purchase", "timestamp":"2017-06-14 18:46:50", "id": "8580", "amount": "119.59"}
{"event_type":"purchase", "timestamp":"2017-06-14 18:46:50", "id": "4644", "amount": "3.44"}
{"event_type":"purchase", "timestamp":"2017-06-14 18:46:50", "id": "1572", "amount": "21.02"}
{"event_type":"purchase", "timestamp":"2017-06-14 18:46:50", "id": "1653", "amount": "75.56"}
{"event_type":"purchase", "timestamp":"2017-06-14 18:46:50", "id": "1896", "amount": "25.24"}
{"event_type":"befriend", "timestamp":"2017-06-14 18:46:50", "id1": "9060", "id2": "2118"}
{"event_type":"befriend", "timestamp":"2017-06-14 18:46:50", "id1": "2505", "id2": "5529"}
{"event_type":"purchase", "timestamp":"2017-06-14 18:46:50", "id": "2686", "amount": "91.58"}
{"event_type":"purchase", "timestamp":"2017-06-14 18:46:50", "id": "6867", "amount": "116.03"}
{"event_type":"purchase", "timestamp":"2017-06-14 18:46:50", "id": "9997", "amount": "22.13"}
{"event_type":"purchase", "timestamp":"2017-06-14 18:46:50", "id": "6714", "amount": "85.65"}
{"event_type":"purchase", "timestamp":"2017-06-14 18:46:50", "id": "8845", "amount": "131.74"}
{"event_type":"purchase", "timestamp":"2017-06-14 18:46:50", "id": "6938", "amount": "45.20"}
{"event_type":"purchase", "timestamp":"2017-06-14 18:46:50", "id": "730", "amount": "26.27"}
{"event_type":"purchase", "timestamp":"2017-06-14 18:46:50", "id": "5821", "amount": "48.32"}
{"event_type":"purchase", "timestamp":"2017-06-14 18:46:50", "id": "4832", "amount": "23.59"}
{"event_type":"befriend", "timestamp":"2017-06-14 18:46:50", "id1": "8661", "id2": "8707"}
{"event_type":"befriend", "timestamp":"2017-06-14 18:46:50", "id1": "8050", "id2": "3324"}
{"event_type":"purchase", "timestamp":"2017-06-14 18:46:50", "id": "3865", "amount": "59.36"}
{"event_type":"befriend", "timestamp":"2017-06-14 18:46:50", "id1": "2560", "id2": "7605"}
{"event_type":"purchase", "timestamp":"2017-06-14 18:46:50", "id": "243", "amount": "99.89"}
{"event_type":"purchase", "timestamp":"2017-06-14 18:46:50", "id": "9997", "amount": "38.98"}
{"event_type":"befriend", "timestamp":"2017-06-14 18:46:50", "id1": "1371", "id2": "6943"}
{"event_type":"purchase", "timestamp":"2017-06-14 18:46:50", "id": "5628", "amount": "77.39"}
{"event_type":"purchase", "timestamp":"2017-06-14 18:46:50", "id": "3049", "amount": "102.29"}
{"event_type":"purchase", "timestamp":"2017-06-14 18:46:50", "id": "2242", "amount": "26.66"}
{"event_type":"purchase", "timestamp":"2017-06-14 18:46:50", "id": "995", "amount": "98.53"}
{"event_type":"purchase", "timestamp":"2017-06-14 18:46:50", "id": "4811", "amount": "57.19"}
{"event_type":"purchase", "timestamp":"2017-06-14 18:46:50", "id": "771", "amount": "61.88"}
{"event_type":"purchase", "timestamp":"2017-06-14 18:46:50", "id": "8493", "amount": "107.11"}
{"event_type":"purchase", "timestamp":"2017-06-14 18:46:50", "id": "6940", "amount": "74.87"}
{"event_type":"befriend", "timestamp":"2017-06-14 18:46:50", "id1": "9697", "id2": "2456"}
{"event_type":"purchase", "timestamp":"2017-06-14 18:46:50", "id": "4068", "amount": "86.63"}
{"event_type":"purchase", "timestamp":"2017-06-14 18:46:50", "id": "1697", "amount": "103.10"}
{"event_type":"purchase", "timestamp":"2017-06-14 18:46:50", "id": "4863", "amount": "49.26"}
{"event_type":"purchase", "timestamp":"2017-06-14 18:46:50", "id": "5223", "amount": "168.37"}
{"event_type":"purchase", "timestamp":"2017-06-14 18:46:50", "id": "3352", "amount": "134.98"}
{"event_type":"purchase", "timestamp":"2017-06-14 18:46:50", "id": "2501", "amount": "204.29"}
{"event_type":"befriend", "timestamp":"2017-06-14 18:46:50", "id1": "5482", "id2": "1586"}
{"event_type":"purchase", "timestamp":"2017-06-14 18:46:50", "id": "1543", "amount": "51.89"}
{"event_type":"befriend", "timestamp":"2017-06-14 18:46:50", "id1": "1363", "id2": "9774"}
{"event_type":"purchase", "timestamp":"2017-06-14 18:46:50", "id": "9469", "amount": "6.34"}
{"event_type":"purchase", "timestamp":"2017-06-14 18:46:50", "id": "3839", "amount": "28.76"}
{"event_type":"purchase", "timestamp":"2017-06-14 18:46:50", "id": "8796", "amount": "46.51"}
{"event_type":"purchase", "timestamp":"2017-06-14 18:46:50", "id": "4177", "amount": "76.61"}
{"event_type":"befriend", "timestamp":"2017-06-14 18:46:50", "id1": "8575", "id2": "8206"}
{"event_type":"befriend", "timestamp":"2017-06-14 18:46:50", "id1": "6060", "id2": "3458"}
{"event_type":"befriend", "timestamp":"2017-06-14 18:46:50", "id1": "3511", "id2": "7894"}
{"event_type":"purchase", "timestamp":"2017-06-14 18:46:50", "id": "4524", "amount": "25.53"}
{"event_type":"purchase", "timestamp":"2017-06-14 18:46:50", "id": "7785", "amount": "95.58"}
{"event_type":"purchase", "timestamp":"2017-06-14 18:46:50", "id": "8497", "amount": "169.41"}
{"event_type":"purchase", "timestamp":"2017-06-14 18:46:50", "id": "2605", "amount": "106.33"}
{"event_type":"purchase", "timestamp":"2017-06-14 18:46:50", "id": "9039", "amount": "9.11"}
{"event_type":"purchase", "timestamp":"2017-06-14 18:46:50", "id": "8894", "amount": "62.79"}
{"event_type":"befriend", "timestamp":"2017-06-14 18:46:50", "id1": "6190", "id2": "9479"}
{"event_type":"befriend", "timestamp":"2017-06-14 18:46:50", "id1": "6807", "id2": "5195"}
{"event_type":"purchase", "timestamp":"2017-06-14 18:46:50", "id": "7713", "amount": "147.06"}
{"event_type":"purchase", "timestamp":"2017-06-14 18:46:50", "id": "7954", "amount": "27.80"}
{"event_type":"purchase", "timestamp":"2017-06-14 18:46:50", "id": "3790", "amount": "16.51"}
{"event_type":"purchase", "timestamp":"2017-06-14 18:46:50", "id": "4172", "amount": "29.23"}
{"event_type":"befriend", "timestamp":"2017-06-14 18:46:50", "id1": "8204", "id2": "7362"}
{"event_type":"purchase", "timestamp":"2017-06-14 18:46:50", "id": "7565", "amount": "18.40"}
{"event_type":"purchase", "timestamp":"2017-06-14 18:46:50", "id": "117", "amount": "35.38"}
{"event_type":"purchase", "timestamp":"2017-06-14 18:46:50", "id": "6867", "amount": "135.49"}
{"event_type":"purchase", "timestamp":"2017-06-14 18:46:50", "id": "1027", "amount": "18.17"}
{"event_type":"befriend", "timestamp":"2017-06-14 18:46:50", "id1": "4039", "id2": "2480"}
{"event_type":"purchase", "timestamp":"2017-06-14 18:46:50", "id": "6455", "amount": "134.36"}
{"event_type":"befriend", "timestamp":"2017-06-14 18:46:50", "id1": "3030", "id2": "8822"}
{"event_type":"befriend", "timestamp":"2017-06-14 18:46:50", "id1": "1226", "id2": "9469"}
{"event_type":"purchase", "timestamp":"2017-06-14 18:46:50", "id": "2984", "amount": "26.05"}
{"event_type":"purchase", "timestamp":"2017-06-14 18:46:50", "id": "7662", "amount": "94.13"}
{"event_type":"befriend", "timestamp":"2017-06-14 18:46:50", "id1": "8914", "id2": "319"}
{"event_type":"purchase", "timestamp":"2017-06-14 18:46:50", "id": "9719", "amount": "69.57"}
{"event_type":"purchase", "timestamp":"2017-06-14 18:46:50", "id": "6998", "amount": "148.30"}
{"event_type":"purchase", "timestamp":"2017-06-14 18:46:50", "id": "1822", "amount": "74.29"}
{"event_type":"unfriend", "timestamp":"2017-06-14 18:46:50", "id1": "5744", "id2": "1626"}
{"event_type":"purchase", "timestamp":"2017-06-14 18:46:50", "id": "7732", "amount": "89.73"}
{"event_type":"purchase", "timestamp":"2017-06-14 18:46:50", "id": "2461", "amount": "78.33"}
{"event_type":"purchase", "timestamp":"2017-06-14 18:46:50", "id": "938", "amount": "26.35"}
{"event_type":"purchase", "timestamp":"2017-06-14 18:46:50", "id": "8273", "amount": "26.68"}
{"event_type":"purchase", "timestamp":"2017-06-14 18:46:50", "id": "5196", "amount": "131.08"}
{"event_type":"purchase", "timestamp":"2017-06-14 18:46:50", "id": "7974", "amount": "92.56"}
{"event_type":"purchase", "timestamp":"2017-06-14 18:46:50", "id": "5689", "amount": "132.82"}
{"event_type":"purchase", "timestamp":"2017-06-14 18:46:50", "id": "2839", "amount": "140.29"}
{"event_type":"befriend", "timestamp":"2017-06-14 18:46:50", "id1": "8232", "id2": "3089"}
{"event_type":"purchase", "timestamp":"2017-06-14 18:46:50", "id": "4112", "amount": "42.35"}
{"event_type":"purchase", "timestamp":"2017-06-14 18:46:50", "id": "2240", "amount": "27.04"}
{"event_type":"purchase", "timestamp":"2017-06-14 18:46:50", "id": "1659", "amount": "27.48"}
{"event_type":"purchase", "timestamp":"2017-06-14 18:46:50", "id": "5132", "amount": "43.97"}
{"event_type":"purchase", "timestamp":"2017-06-14 18:46:50", "id": "733", "amount": "66.23"}
{"event_type":"purchase", "timestamp":"2017-06-14 18:46:50", "id": "176", "amount": "14.55"}
{"event_type":"purchase", "timestamp":"2017-06-14 18:46:50", "id": "8123", "amount": "47.50"}
{"event_type":"purchase", "timestamp":"2017-06-14 18:46:50", "id": "2087", "amount": "54.63"}
{"event_type":"purchase", "timestamp":"2017-06-14 18:46:50", "id": "4511", "amount": "67.64"}
{"event_type":"purchase", "timestamp":"2017-06-14 18:46:50", "id": "8762", "amount": "57.32"}
{"event_type":"purchase", "timestamp":"2017-06-14 18:46:50", "id": "3813", "amount": "82.37"}
{"event_type":"purchase", "timestamp":"2017-06-14 18:46:50", "id": "4161", "amount": "67.12"}
{"event_type":"befriend", "timestamp":"2017-06-14 18:46:50", "id1": "3985", "id2": "5490"}
{"event_type":"befriend", "timestamp":"2017-06-14 18:46:50", "id1": "8693", "id2": "9898"}
{"event_type":"purchase", "timestamp":"2017-06-14 18:46:50", "id": "6373", "amount": "67.04"}
{"event_type":"purchase", "timestamp":"2017-06-14 18:46:50", "id": "4314", "amount": "110.38"}
{"event_type":"purchase", "timestamp":"2017-06-14 18:46:50", "id": "172", "amount": "55.64"}
{"event_type":"befriend", "timestamp":"2017-06-14 18:46:50", "id1": "7698", "id2": "4445"}
{"event_type":"purchase", "timestamp":"2017-06-14 18:46:50", "id": "6156", "amount": "27.63"}
{"event_type":"purchase", "timestamp":"2017-06-14 18:46:50", "id": "7464", "amount": "45.54"}
{"event_type":"befriend", "timestamp":"2017-06-14 18:46:50", "id1": "7809", "id2": "2300"}
{"event_type":"befriend", "timestamp":"2017-06-14 18:46:50", "id1": "4061", "id2": "3119"}
{"event_type":"purchase", "timestamp":"2017-06-14 18:46:50", "id": "5248", "amount": "98.71"}
{"event_type":"befriend", "timestamp":"2017-06-14 18:46:50", "id1": "1215", "id2": "5466"}
{"event_type":"purchase", "timestamp":"2017-06-14 18:46:50", "id": "853", "amount": "91.33"}
{"event_type":"purchase", "timestamp":"2017-06-14 18:46:50", "id": "529", "amount": "52.40"}
{"event_type":"purchase", "timestamp":"2017-06-14 18:46:50", "id": "5968", "amount": "59.93"}
{"event_type":"purchase", "timestamp":"2017-06-14 18:46:50", "id": "9986", "amount": "38.58"}
{"event_type":"purchase", "timestamp":"2017-06-14 18:46:50", "id": "6210", "amount": "33.17"}
{"event_type":"purchase", "timestamp":"2017-06-14 18:46:50", "id": "4577", "amount": "15.22"}
{"event_type":"purchase", "timestamp":"2017-06-14 18:46:50", "id": "7769", "amount": "2.79"}
{"event_type":"befriend", "timestamp":"2017-06-14 18:46:50", "id1": "8613", "id2": "4588"}
{"event_type":"purchase", "timestamp":"2017-06-14 18:46:50", "id": "5512", "amount": "12.19"}
{"event_type":"purchase", "timestamp":"2017-06-14 18:46:50", "id": "6533", "amount": "24.25"}
{"event_type":"purchase", "timestamp":"2017-06-14 18:46:50", "id": "8007", "amount": "109.70"}
{"event_type":"purchase", "timestamp":"2017-06-14 18:46:50", "id": "7890", "amount": "28.91"}
{"event_type":"purchase", "timestamp":"2017-06-14 18:46:50", "id": "1238", "amount": "118.77"}
{"event_type":"purchase", "timestamp":"2017-06-14 18:46:50", "id": "3338", "amount": "45.81"}
{"event_type":"purchase", "timestamp":"2017-06-14 18:46:50", "id": "1201", "amount": "71.72"}
{"event_type":"purchase", "timestamp":"2017-06-14 18:46:50", "id": "3712", "amount": "94.69"}
{"event_type":"befriend", "timestamp":"2017-06-14 18:46:50", "id1": "2191", "id2": "7318"}
{"event_type":"purchase", "timestamp":"2017-06-14 18:46:50", "id": "3646", "amount": "3.30"}
{"event_type":"purchase", "timestamp":"2017-06-14 18:46:50", "id": "872", "amount": "52.39"}
{"event_type":"purchase", "timestamp":"2017-06-14 18:46:50", "id": "6902", "amount": "68.24"}
{"event_type":"purchase", "timestamp":"2017-06-14 18:46:50", "id": "7014", "amount": "52.64"}
{"event_type":"purchase", "timestamp":"2017-06-14 18:46:50", "id": "5159", "amount": "14.11"}
{"event_type":"purchase", "timestamp":"2017-06-14 18:46:50", "id": "9108", "amount": "37.36"}
{"event_type":"unfriend", "timestamp":"2017-06-14 18:46:50", "id1": "2734", "id2": "1767"}
{"event_type":"purchase", "timestamp":"2017-06-14 18:46:50", "id": "7730", "amount": "59.16"}
{"event_type":"purchase", "timestamp":"2017-06-14 18:46:50", "id": "7677", "amount": "18.34"}
{"event_type":"befriend", "timestamp":"2017-06-14 18:46:50", "id1": "6316", "id2": "4154"}
{"event_type":"befriend", "timestamp":"2017-06-14 18:46:50", "id1": "1552", "id2": "3163"}
{"event_type":"purchase", "timestamp":"2017-06-14 18:46:50", "id": "4433", "amount": "28.11"}
{"event_type":"purchase", "timestamp":"2017-06-14 18:46:50", "id": "3651", "amount": "148.45"}
{"event_type":"purchase", "timestamp":"2017-06-14 18:46:50", "id": "2879", "amount": "5.23"}
{"event_type":"befriend", "timestamp":"2017-06-14 18:46:50", "id1": "9735", "id2": "1001"}
{"event_type":"purchase", "timestamp":"2017-06-14 18:46:50", "id": "143", "amount": "98.41"}
{"event_type":"purchase", "timestamp":"2017-06-14 18:46:50", "id": "5365", "amount": "94.45"}
{"event_type":"purchase", "timestamp":"2017-06-14 18:46:50", "id": "3271", "amount": "52.03"}
{"event_type":"purchase", "timestamp":"2017-06-14 18:46:50", "id": "9768", "amount": "68.74"}
{"event_type":"purchase", "timestamp":"2017-06-14 18:46:50", "id": "3565", "amount": "93.19"}
{"event_type":"purchase", "timestamp":"2017-06-14 18:46:50", "id": "5849", "amount": "50.93"}
{"event_type":"purchase", "timestamp":"2017-06-14 18:46:50", "id": "7987", "amount": "123.72"}
{"event_type":"purchase", "timestamp":"2017-06-14 18:46:50", "id": "6906", "amount": "32.13"}
{"event_type":"befriend", "timestamp":"2017-06-14 18:46:50", "id1": "2423", "id2": "9599"}
{"event_type":"purchase", "timestamp":"2017-06-14 18:46:50", "id": "1784", "amount": "143.47"}
{"event_type":"purchase", "timestamp":"2017-06-14 18:46:50", "id": "2772", "amount": "36.62"}
{"event_type":"purchase", "timestamp":"2017-06-14 18:46:50", "id": "8181", "amount": "25.09"}
{"event_type":"purchase", "timestamp":"2017-06-14 18:46:50", "id": "3905", "amount": "23.21"}
{"event_type":"purchase", "timestamp":"2017-06-14 18:46:50", "id": "6356", "amount": "128.49"}
{"event_type":"purchase", "timestamp":"2017-06-14 18:46:50", "id": "2481", "amount": "76.03"}
{"event_type":"purchase", "timestamp":"2017-06-14 18:46:50", "id": "1893", "amount": "34.69"}
{"event_type":"befriend", "timestamp":"2017-06-14 18:46:50", "id1": "5869", "id2": "3380"}
{"event_type":"purchase", "timestamp":"2017-06-14 18:46:50", "id": "8459", "amount": "37.12"}
{"event_type":"purchase", "timestamp":"2017-06-14 18:46:50", "id": "614", "amount": "18.41"}
{"event_type":"purchase", "timestamp":"2017-06-14 18:46:50", "id": "616", "amount": "40.42"}
{"event_type":"befriend", "timestamp":"2017-06-14 18:46:50", "id1": "313", "id2": "8776"}
{"event_type":"purchase", "timestamp":"2017-06-14 18:46:50", "id": "3297", "amount": "62.10"}
{"event_type":"purchase", "timestamp":"2017-06-14 18:46:50", "id": "174", "amount": "51.02"}
{"event_type":"purchase", "timestamp":"2017-06-14 18:46:50", "id": "1056", "amount": "41.91"}
{"event_type":"purchase", "timestamp":"2017-06-14 18:46:50", "id": "7011", "amount": "46.24"}
{"event_type":"purchase", "timestamp":"2017-06-14 18:46:50", "id": "7375", "amount": "75.99"}
{"event_type":"purchase", "timestamp":"2017-06-14 18:46:50", "id": "4734", "amount": "46.43"}
{"event_type":"purchase", "timestamp":"2017-06-14 18:46:50", "id": "2944", "amount": "93.27"}
{"event_type":"purchase", "timestamp":"2017-06-14 18:46:50", "id": "8387", "amount": "20.59"}
{"event_type":"befriend", "timestamp":"2017-06-14 18:46:50", "id1": "2050", "id2": "9219"}
{"event_type":"purchase", "timestamp":"2017-06-14 18:46:50", "id": "3359", "amount": "64.96"}
{"event_type":"purchase", "timestamp":"2017-06-14 18:46:50", "id": "5288", "amount": "111.82"}
{"event_type":"purchase", "timestamp":"2017-06-14 18:46:50", "id": "9748", "amount": "41.88"}
{"event_type":"purchase", "timestamp":"2017-06-14 18:46:50", "id": "6604", "amount": "160.15"}
{"event_type":"purchase", "timestamp":"2017-06-14 18:46:50", "id": "8136", "amount": "129.26"}
{"event_type":"purchase", "timestamp":"2017-06-14 18:46:50", "id": "3852", "amount": "117.77"}
{"event_type":"purchase", "timestamp":"2017-06-14 18:46:50", "id": "8012", "amount": "26.10"}
{"event_type":"purchase", "timestamp":"2017-06-14 18:46:50", "id": "2590", "amount": "18.25"}
{"event_type":"purchase", "timestamp":"2017-06-14 18:46:50", "id": "3172", "amount": "65.82"}
{"event_type":"purchase", "timestamp":"2017-06-14 18:46:50", "id": "8726", "amount": "30.04"}
{"event_type":"befriend", "timestamp":"2017-06-14 18:46:50", "id1": "1876", "id2": "2033"}
{"event_type":"befriend", "timestamp":"2017-06-14 18:46:50", "id1": "1790", "id2": "4503"}
{"event_type":"purchase", "timestamp":"2017-06-14 18:46:50", "id": "1505", "amount": "113.07"}
{"event_type":"purchase", "timestamp":"2017-06-14 18:46:50", "id": "2371", "amount": "49.20"}
{"event_type":"purchase", "timestamp":"2017-06-14 18:46:50", "id": "6068", "amount": "60.80"}
{"event_type":"purchase", "timestamp":"2017-06-14 18:46:50", "id": "4814", "amount": "40.86"}
{"event_type":"purchase", "timestamp":"2017-06-14 18:46:50", "id": "552", "amount": "99.86"}
{"event_type":"befriend", "timestamp":"2017-06-14 18:46:50", "id1": "2325", "id2": "3389"}
{"event_type":"purchase", "timestamp":"2017-06-14 18:46:50", "id": "982", "amount": "38.46"}
{"event_type":"purchase", "timestamp":"2017-06-14 18:46:50", "id": "7261", "amount": "39.24"}
{"event_type":"purchase", "timestamp":"2017-06-14 18:46:50", "id": "5569", "amount": "33.92"}
{"event_type":"purchase", "timestamp":"2017-06-14 18:46:50", "id": "9856", "amount": "92.28"}
{"event_type":"befriend", "timestamp":"2017-06-14 18:46:50", "id1": "5411", "id2": "2141"}
{"event_type":"purchase", "timestamp":"2017-06-14 18:46:50", "id": "7464", "amount": "23.53"}
{"event_type":"purchase", "timestamp":"2017-06-14 18:46:50", "id": "7466", "amount": "144.71"}
{"event_type":"befriend", "timestamp":"2017-06-14 18:46:50", "id1": "2814", "id2": "6959"}
{"event_type":"purchase", "timestamp":"2017-06-14 18:46:50", "id": "6805", "amount": "126.89"}
{"event_type":"purchase", "timestamp":"2017-06-14 18:46:50", "id": "1118", "amount": "34.09"}
{"event_type":"purchase", "timestamp":"2017-06-14 18:46:50", "id": "5280", "amount": "9.07"}
{"event_type":"purchase", "timestamp":"2017-06-14 18:46:50", "id": "3850", "amount": "68.63"}
{"event_type":"purchase", "timestamp":"2017-06-14 18:46:50", "id": "6033", "amount": "200.26"}
{"event_type":"purchase", "timestamp":"2017-06-14 18:46:50", "id": "5695", "amount": "45.07"}
{"event_type":"purchase", "timestamp":"2017-06-14 18:46:50", "id": "2391", "amount": "89.58"}
{"event_type":"purchase", "timestamp":"2017-06-14 18:46:50", "id": "9209", "amount": "87.95"}
{"event_type":"purchase", "timestamp":"2017-06-14 18:46:50", "id": "2191", "amount": "57.39"}
{"event_type":"purchase", "timestamp":"2017-06-14 18:46:50", "id": "5112", "amount": "41.72"}
{"event_type":"purchase", "timestamp":"2017-06-14 18:46:50", "id": "80", "amount": "49.82"}
{"event_type":"befriend", "timestamp":"2017-06-14 18:46:50", "id1": "9098", "id2": "6551"}
{"event_type":"purchase", "timestamp":"2017-06-14 18:46:50", "id": "7757", "amount": "59.25"}
{"event_type":"purchase", "timestamp":"2017-06-14 18:46:50", "id": "8756", "amount": "116.21"}
{"event_type":"purchase", "timestamp":"2017-06-14 18:46:50", "id": "842", "amount": "53.66"}
{"event_type":"befriend", "timestamp":"2017-06-14 18:46:50", "id1": "4956", "id2": "3452"}
{"event_type":"purchase", "timestamp":"2017-06-14 18:46:50", "id": "7160", "amount": "106.83"}
{"event_type":"purchase", "timestamp":"2017-06-14 18:46:50", "id": "8608", "amount": "88.35"}
{"event_type":"purchase", "timestamp":"2017-06-14 18:46:50", "id": "5675", "amount": "63.63"}
{"event_type":"purchase", "timestamp":"2017-06-14 18:46:50", "id": "7591", "amount": "31.25"}
{"event_type":"unfriend", "timestamp":"2017-06-14 18:46:50", "id1": "283", "id2": "4492"}
{"event_type":"purchase", "timestamp":"2017-06-14 18:46:50", "id": "8423", "amount": "90.30"}
{"event_type":"purchase", "timestamp":"2017-06-14 18:46:50", "id": "5590", "amount": "84.35"}
{"event_type":"purchase", "timestamp":"2017-06-14 18:46:50", "id": "8011", "amount": "34.36"}
{"event_type":"befriend", "timestamp":"2017-06-14 18:46:50", "id1": "2968", "id2": "4870"}
{"event_type":"purchase", "timestamp":"2017-06-14 18:46:50", "id": "9021", "amount": "12.14"}
{"event_type":"purchase", "timestamp":"2017-06-14 18:46:50", "id": "2665", "amount": "88.51"}
{"event_type":"purchase", "timestamp":"2017-06-14 18:46:50", "id": "4485", "amount": "132.67"}
{"event_type":"befriend", "timestamp":"2017-06-14 18:46:50", "id1": "8768", "id2": "6404"}
{"event_type":"purchase", "timestamp":"2017-06-14 18:46:50", "id": "6310", "amount": "29.93"}
{"event_type":"purchase", "timestamp":"2017-06-14 18:46:50", "id": "2179", "amount": "66.69"}
{"event_type":"purchase", "timestamp":"2017-06-14 18:46:50", "id": "6295", "amount": "87.80"}
{"event_type":"unfriend", "timestamp":"2017-06-14 18:46:50", "id1": "9216", "id2": "2134"}
{"event_type":"purchase", "timestamp":"2017-06-14 18:46:50", "id": "7834", "amount": "19.63"}
{"event_type":"purchase", "timestamp":"2017-06-14 18:46:50", "id": "4798", "amount": "42.43"}
{"event_type":"purchase", "timestamp":"2017-06-14 18:46:50", "id": "827", "amount": "12.56"}
{"event_type":"purchase", "timestamp":"2017-06-14 18:46:50", "id": "6702", "amount": "77.95"}
{"event_type":"purchase", "timestamp":"2017-06-14 18:46:50", "id": "9351", "amount": "216.24"}
{"event_type":"befriend", "timestamp":"2017-06-14 18:46:50", "id1": "3959", "id2": "4407"}
{"event_type":"purchase", "timestamp":"2017-06-14 18:46:50", "id": "7317", "amount": "17.93"}
{"event_type":"purchase", "timestamp":"2017-06-14 18:46:50", "id": "3766", "amount": "122.96"}
{"event_type":"befriend", "timestamp":"2017-06-14 18:46:50", "id1": "1522", "id2": "8903"}
{"event_type":"unfriend", "timestamp":"2017-06-14 18:46:50", "id1": "8625", "id2": "962"}
{"event_type":"purchase", "timestamp":"2017-06-14 18:46:50", "id": "2554", "amount": "163.73"}
{"event_type":"purchase", "timestamp":"2017-06-14 18:46:50", "id": "4396", "amount": "75.56"}
{"event_type":"purchase", "timestamp":"2017-06-14 18:46:50", "id": "4449", "amount": "64.92"}
{"event_type":"befriend", "timestamp":"2017-06-14 18:46:50", "id1": "7953", "id2": "6808"}
{"event_type":"purchase", "timestamp":"2017-06-14 18:46:50", "id": "3315", "amount": "31.27"}
{"event_type":"befriend", "timestamp":"2017-06-14 18:46:50", "id1": "2616", "id2": "708"}
{"event_type":"befriend", "timestamp":"2017-06-14 18:46:50", "id1": "8441", "id2": "3432"}
{"event_type":"befriend", "timestamp":"2017-06-14 18:46:50", "id1": "878", "id2": "2761"}
{"event_type":"purchase", "timestamp":"2017-06-14 18:46:50", "id": "3634", "amount": "88.97"}
{"event_type":"purchase", "timestamp":"2017-06-14 18:46:50", "id": "9580", "amount": "61.27"}
{"event_type":"purchase", "timestamp":"2017-06-14 18:46:50", "id": "8821", "amount": "146.58"}
{"event_type":"purchase", "timestamp":"2017-06-14 18:46:50", "id": "8295", "amount": "67.70"}
{"event_type":"purchase", "timestamp":"2017-06-14 18:46:50", "id": "4999", "amount": "88.39"}
{"event_type":"purchase", "timestamp":"2017-06-14 18:46:50", "id": "35", "amount": "28.61"}
{"event_type":"befriend", "timestamp":"2017-06-14 18:46:50", "id1": "4377", "id2": "159"}
{"event_type":"unfriend", "timestamp":"2017-06-14 18:46:50", "id1": "5912", "id2": "6614"}
{"event_type":"befriend", "timestamp":"2017-06-14 18:46:50", "id1": "6273", "id2": "8575"}
{"event_type":"purchase", "timestamp":"2017-06-14 18:46:50", "id": "7230", "amount": "75.62"}
{"event_type":"befriend", "timestamp":"2017-06-14 18:46:50", "id1": "3416", "id2": "4718"}
{"event_type":"befriend", "timestamp":"2017-06-14 18:46:50", "id1": "9590", "id2": "1510"}
{"event_type":"purchase", "timestamp":"2017-06-14 18:46:50", "id": "6682", "amount": "48.99"}
{"event_type":"purchase", "timestamp":"2017-06-14 18:46:50", "id": "4751", "amount": "46.23"}
{"event_type":"purchase", "timestamp":"2017-06-14 18:46:50", "id": "8414", "amount": "42.09"}
{"event_type":"purchase", "timestamp":"2017-06-14 18:46:50", "id": "9983", "amount": "13.21"}
{"event_type":"purchase", "timestamp":"2017-06-14 18:46:50", "id": "2184", "amount": "129.29"}
{"event_type":"purchase", "timestamp":"2017-06-14 18:46:50", "id": "2199", "amount": "96.81"}
{"event_type":"unfriend", "timestamp":"2017-06-14 18:46:50", "id1": "2661", "id2": "7224"}
{"event_type":"unfriend", "timestamp":"2017-06-14 18:46:50", "id1": "9169", "id2": "5016"}
{"event_type":"purchase", "timestamp":"2017-06-14 18:46:50", "id": "1637", "amount": "25.51"}
{"event_type":"purchase", "timestamp":"2017-06-14 18:46:50", "id": "6308", "amount": "26.60"}
{"event_type":"purchase", "timestamp":"2017-06-14 18:46:50", "id": "1499", "amount": "145.74"}
{"event_type":"befriend", "timestamp":"2017-06-14 18:46:50", "id1": "3149", "id2": "7463"}
{"event_type":"purchase", "timestamp":"2017-06-14 18:46:50", "id": "5902", "amount": "11.70"}
{"event_type":"purchase", "timestamp":"2017-06-14 18:46:50", "id": "9889", "amount": "31.34"}
{"event_type":"purchase", "timestamp":"2017-06-14 18:46:50", "id": "6878", "amount": "95.62"}
{"event_type":"befriend", "timestamp":"2017-06-14 18:46:50", "id1": "8503", "id2": "1162"}
{"event_type":"befriend", "timestamp":"2017-06-14 18:46:50", "id1": "4139", "id2": "8597"}
{"event_type":"purchase", "timestamp":"2017-06-14 18:46:50", "id": "8453", "amount": "95.54"}
{"event_type":"purchase", "timestamp":"2017-06-14 18:46:50", "id": "7221", "amount": "17.37"}
{"event_type":"befriend", "timestamp":"2017-06-14 18:46:50", "id1": "9637", "id2": "328"}
{"event_type":"befriend", "timestamp":"2017-06-14 18:46:50", "id1": "3283", "id2": "2758"}
{"event_type":"purchase", "timestamp":"2017-06-14 18:46:50", "id": "4967", "amount": "47.83"}
{"event_type":"purchase", "timestamp":"2017-06-14 18:46:50", "id": "6713", "amount": "29.07"}
{"event_type":"befriend", "timestamp":"2017-06-14 18:46:50", "id1": "2100", "id2": "4632"}
{"event_type":"purchase", "timestamp":"2017-06-14 18:46:50", "id": "3343", "amount": "47.40"}
{"event_type":"purchase", "timestamp":"2017-06-14 18:46:50", "id": "5294", "amount": "78.98"}
{"event_type":"purchase", "timestamp":"2017-06-14 18:46:50", "id": "5101", "amount": "89.37"}
{"event_type":"purchase", "timestamp":"2017-06-14 18:46:50", "id": "8090", "amount": "182.45"}
{"event_type":"purchase", "timestamp":"2017-06-14 18:46:50", "id": "7613", "amount": "136.80"}
{"event_type":"purchase", "timestamp":"2017-06-14 18:46:50", "id": "9557", "amount": "12.29"}
{"event_type":"purchase", "timestamp":"2017-06-14 18:46:50", "id": "6730", "amount": "60.19"}
{"event_type":"befriend", "timestamp":"2017-06-14 18:46:50", "id1": "887", "id2": "3371"}
{"event_type":"purchase", "timestamp":"2017-06-14 18:46:50", "id": "4888", "amount": "72.55"}
{"event_type":"purchase", "timestamp":"2017-06-14 18:46:50", "id": "9919", "amount": "99.05"}
{"event_type":"befriend", "timestamp":"2017-06-14 18:46:50", "id1": "5320", "id2": "4310"}
{"event_type":"purchase", "timestamp":"2017-06-14 18:46:50", "id": "9637", "amount": "115.27"}
{"event_type":"befriend", "timestamp":"2017-06-14 18:46:50", "id1": "1863", "id2": "9887"}
{"event_type":"purchase", "timestamp":"2017-06-14 18:46:50", "id": "1702", "amount": "56.63"}
{"event_type":"purchase", "timestamp":"2017-06-14 18:46:50", "id": "3121", "amount": "28.83"}
{"event_type":"unfriend", "timestamp":"2017-06-14 18:46:50", "id1": "3072", "id2": "8247"}
{"event_type":"purchase", "timestamp":"2017-06-14 18:46:50", "id": "5364", "amount": "150.27"}
{"event_type":"purchase", "timestamp":"2017-06-14 18:46:50", "id": "1841", "amount": "86.49"}
{"event_type":"befriend", "timestamp":"2017-06-14 18:46:50", "id1": "7237", "id2": "3218"}
{"event_type":"befriend", "timestamp":"2017-06-14 18:46:50", "id1": "6872", "id2": "667"}
{"event_type":"purchase", "timestamp":"2017-06-14 18:46:50", "id": "6277", "amount": "61.36"}
{"event_type":"purchase", "timestamp":"2017-06-14 18:46:50", "id": "3712", "amount": "142.71"}
{"event_type":"purchase", "timestamp":"2017-06-14 18:46:50", "id": "5757", "amount": "143.10"}
{"event_type":"purchase", "timestamp":"2017-06-14 18:46:50", "id": "9444", "amount": "75.36"}
{"event_type":"purchase", "timestamp":"2017-06-14 18:46:50", "id": "6943", "amount": "38.29"}
{"event_type":"purchase", "timestamp":"2017-06-14 18:46:50", "id": "4983", "amount": "65.79"}
{"event_type":"purchase", "timestamp":"2017-06-14 18:46:50", "id": "1640", "amount": "4.46"}
{"event_type":"purchase", "timestamp":"2017-06-14 18:46:50", "id": "9929", "amount": "14.14"}
{"event_type":"purchase", "timestamp":"2017-06-14 18:46:50", "id": "6664", "amount": "93.95"}
{"event_type":"befriend", "timestamp":"2017-06-14 18:46:50", "id1": "6407", "id2": "5492"}
{"event_type":"befriend", "timestamp":"2017-06-14 18:46:50", "id1": "8005", "id2": "3905"}
{"event_type":"purchase", "timestamp":"2017-06-14 18:46:50", "id": "6022", "amount": "108.04"}
{"event_type":"befriend", "timestamp":"2017-06-14 18:46:50", "id1": "2873", "id2": "1889"}
{"event_type":"purchase", "timestamp":"2017-06-14 18:46:50", "id": "5769", "amount": "111.16"}
{"event_type":"purchase", "timestamp":"2017-06-14 18:46:50", "id": "1040", "amount": "106.82"}
{"event_type":"purchase", "timestamp":"2017-06-14 18:46:50", "id": "8358", "amount": "31.63"}
{"event_type":"purchase", "timestamp":"2017-06-14 18:46:50", "id": "2581", "amount": "135.63"}
{"event_type":"purchase", "timestamp":"2017-06-14 18:46:50", "id": "8328", "amount": "72.63"}
{"event_type":"purchase", "timestamp":"2017-06-14 18:46:50", "id": "3262", "amount": "58.71"}
{"event_type":"befriend", "timestamp":"2017-06-14 18:46:50", "id1": "7266", "id2": "4272"}
{"event_type":"purchase", "timestamp":"2017-06-14 18:46:50", "id": "2214", "amount": "127.96"}
{"event_type":"purchase", "timestamp":"2017-06-14 18:46:50", "id": "1559", "amount": "106.97"}
{"event_type":"purchase", "timestamp":"2017-06-14 18:46:50", "id": "258", "amount": "136.77"}
{"event_type":"purchase", "timestamp":"2017-06-14 18:46:50", "id": "9712", "amount": "36.97"}
{"event_type":"purchase", "timestamp":"2017-06-14 18:46:50", "id": "7717", "amount": "31.20"}
{"event_type":"befriend", "timestamp":"2017-06-14 18:46:50", "id1": "2683", "id2": "3506"}
{"event_type":"purchase", "timestamp":"2017-06-14 18:46:50", "id": "5164", "amount": "2.61"}
{"event_type":"purchase", "timestamp":"2017-06-14 18:46:50", "id": "6193", "amount": "83.54"}
{"event_type":"purchase", "timestamp":"2017-06-14 18:46:50", "id": "3288", "amount": "31.22"}
{"event_type":"purchase", "timestamp":"2017-06-14 18:46:50", "id": "6699", "amount": "73.39"}
{"event_type":"purchase", "timestamp":"2017-06-14 18:46:50", "id": "8925", "amount": "42.81"}
{"event_type":"befriend", "timestamp":"2017-06-14 18:46:50", "id1": "6521", "id2": "8117"}
{"event_type":"purchase", "timestamp":"2017-06-14 18:46:50", "id": "671", "amount": "109.21"}
{"event_type":"purchase", "timestamp":"2017-06-14 18:46:50", "id": "758", "amount": "38.00"}
{"event_type":"befriend", "timestamp":"2017-06-14 18:46:50", "id1": "1897", "id2": "8744"}
{"event_type":"purchase", "timestamp":"2017-06-14 18:46:50", "id": "9481", "amount": "163.20"}
{"event_type":"purchase", "timestamp":"2017-06-14 18:46:50", "id": "1984", "amount": "35.07"}
{"event_type":"purchase", "timestamp":"2017-06-14 18:46:50", "id": "3592", "amount": "10.09"}
{"event_type":"purchase", "timestamp":"2017-06-14 18:46:50", "id": "297", "amount": "59.53"}
{"event_type":"purchase", "timestamp":"2017-06-14 18:46:50", "id": "2944", "amount": "63.59"}
{"event_type":"purchase", "timestamp":"2017-06-14 18:46:50", "id": "5483", "amount": "56.27"}
{"event_type":"purchase", "timestamp":"2017-06-14 18:46:50", "id": "997", "amount": "160.84"}
{"event_type":"purchase", "timestamp":"2017-06-14 18:46:50", "id": "3389", "amount": "35.41"}
{"event_type":"purchase", "timestamp":"2017-06-14 18:46:50", "id": "6617", "amount": "116.03"}
{"event_type":"purchase", "timestamp":"2017-06-14 18:46:50", "id": "1152", "amount": "168.98"}
{"event_type":"purchase", "timestamp":"2017-06-14 18:46:50", "id": "1226", "amount": "22.06"}
{"event_type":"purchase", "timestamp":"2017-06-14 18:46:50", "id": "4262", "amount": "192.29"}
{"event_type":"befriend", "timestamp":"2017-06-14 18:46:50", "id1": "6516", "id2": "8675"}
{"event_type":"befriend", "timestamp":"2017-06-14 18:46:50", "id1": "3311", "id2": "403"}
{"event_type":"befriend", "timestamp":"2017-06-14 18:46:50", "id1": "745", "id2": "842"}
{"event_type":"purchase", "timestamp":"2017-06-14 18:46:50", "id": "147", "amount": "69.09"}
{"event_type":"purchase", "timestamp":"2017-06-14 18:46:50", "id": "1314", "amount": "22.47"}
{"event_type":"purchase", "timestamp":"2017-06-14 18:46:50", "id": "2923", "amount": "69.44"}
{"event_type":"purchase", "timestamp":"2017-06-14 18:46:50", "id": "1380", "amount": "83.33"}
{"event_type":"purchase", "timestamp":"2017-06-14 18:46:50", "id": "4546", "amount": "26.56"}
{"event_type":"purchase", "timestamp":"2017-06-14 18:46:50", "id": "2079", "amount": "7.90"}
{"event_type":"purchase", "timestamp":"2017-06-14 18:46:50", "id": "407", "amount": "64.72"}
{"event_type":"befriend", "timestamp":"2017-06-14 18:46:50", "id1": "9910", "id2": "9030"}
{"event_type":"befriend", "timestamp":"2017-06-14 18:46:50", "id1": "9653", "id2": "2008"}
{"event_type":"purchase", "timestamp":"2017-06-14 18:46:50", "id": "2067", "amount": "22.57"}
{"event_type":"purchase", "timestamp":"2017-06-14 18:46:50", "id": "509", "amount": "41.67"}
{"event_type":"purchase", "timestamp":"2017-06-14 18:46:50", "id": "4719", "amount": "69.47"}
{"event_type":"befriend", "timestamp":"2017-06-14 18:46:50", "id1": "4200", "id2": "814"}
{"event_type":"purchase", "timestamp":"2017-06-14 18:46:50", "id": "9331", "amount": "130.35"}
{"event_type":"purchase", "timestamp":"2017-06-14 18:46:50", "id": "6372", "amount": "74.18"}
{"event_type":"purchase", "timestamp":"2017-06-14 18:46:50", "id": "7112", "amount": "9.60"}
{"event_type":"purchase", "timestamp":"2017-06-14 18:46:50", "id": "856", "amount": "140.10"}
{"event_type":"befriend", "timestamp":"2017-06-14 18:46:50", "id1": "8754", "id2": "3918"}
{"event_type":"purchase", "timestamp":"2017-06-14 18:46:50", "id": "2963", "amount": "18.88"}
{"event_type":"befriend", "timestamp":"2017-06-14 18:46:50", "id1": "1875", "id2": "6726"}
{"event_type":"purchase", "timestamp":"2017-06-14 18:46:50", "id": "9193", "amount": "59.46"}
{"event_type":"befriend", "timestamp":"2017-06-14 18:46:50", "id1": "7284", "id2": "8027"}
{"event_type":"purchase", "timestamp":"2017-06-14 18:46:50", "id": "3274", "amount": "39.09"}
{"event_type":"purchase", "timestamp":"2017-06-14 18:46:50", "id": "3911", "amount": "145.02"}
{"event_type":"befriend", "timestamp":"2017-06-14 18:46:50", "id1": "863", "id2": "1035"}
{"event_type":"purchase", "timestamp":"2017-06-14 18:46:50", "id": "2306", "amount": "22.33"}
{"event_type":"purchase", "timestamp":"2017-06-14 18:46:50", "id": "9201", "amount": "2.28"}
{"event_type":"purchase", "timestamp":"2017-06-14 18:46:50", "id": "2351", "amount": "43.43"}
{"event_type":"purchase", "timestamp":"2017-06-14 18:46:50", "id": "3886", "amount": "12.44"}
{"event_type":"purchase", "timestamp":"2017-06-14 18:46:50", "id": "5312", "amount": "18.62"}
{"event_type":"befriend", "timestamp":"2017-06-14 18:46:50", "id1": "360", "id2": "1952"}
{"event_type":"purchase", "timestamp":"2017-06-14 18:46:50", "id": "4884", "amount": "23.19"}
{"event_type":"purchase", "timestamp":"2017-06-14 18:46:50", "id": "6670", "amount": "16.14"}
{"event_type":"purchase", "timestamp":"2017-06-14 18:46:50", "id": "436", "amount": "124.24"}
{"event_type":"purchase", "timestamp":"2017-06-14 18:46:50", "id": "7119", "amount": "23.55"}
{"event_type":"purchase", "timestamp":"2017-06-14 18:46:50", "id": "8794", "amount": "25.89"}
{"event_type":"purchase", "timestamp":"2017-06-14 18:46:50", "id": "6301", "amount": "87.76"}
{"event_type":"purchase", "timestamp":"2017-06-14 18:46:50", "id": "2001", "amount": "71.31"}
{"event_type":"purchase", "timestamp":"2017-06-14 18:46:50", "id": "4604", "amount": "59.15"}
{"event_type":"purchase", "timestamp":"2017-06-14 18:46:50", "id": "7934", "amount": "27.02"}
{"event_type":"purchase", "timestamp":"2017-06-14 18:46:50", "id": "2050", "amount": "50.52"}
{"event_type":"befriend", "timestamp":"2017-06-14 18:46:50", "id1": "6185", "id2": "9798"}
{"event_type":"purchase", "timestamp":"2017-06-14 18:46:50", "id": "3223", "amount": "142.75"}
{"event_type":"purchase", "timestamp":"2017-06-14 18:46:50", "id": "299", "amount": "13.64"}
{"event_type":"purchase", "timestamp":"2017-06-14 18:46:50", "id": "3877", "amount": "89.26"}
{"event_type":"purchase", "timestamp":"2017-06-14 18:46:50", "id": "9077", "amount": "107.06"}
{"event_type":"purchase", "timestamp":"2017-06-14 18:46:50", "id": "1778", "amount": "76.57"}
{"event_type":"purchase", "timestamp":"2017-06-14 18:46:50", "id": "7307", "amount": "97.60"}
{"event_type":"befriend", "timestamp":"2017-06-14 18:46:50", "id1": "9232", "id2": "4910"}
{"event_type":"purchase", "timestamp":"2017-06-14 18:46:50", "id": "4175", "amount": "93.73"}
{"event_type":"purchase", "timestamp":"2017-06-14 18:46:50", "id": "313", "amount": "58.77"}
{"event_type":"purchase", "timestamp":"2017-06-14 18:46:50", "id": "2033", "amount": "17.75"}
{"event_type":"purchase", "timestamp":"2017-06-14 18:46:50", "id": "7700", "amount": "14.69"}
{"event_type":"purchase", "timestamp":"2017-06-14 18:46:50", "id": "3114", "amount": "100.49"}
{"event_type":"purchase", "timestamp":"2017-06-14 18:46:50", "id": "6681", "amount": "7.28"}
{"event_type":"purchase", "timestamp":"2017-06-14 18:46:50", "id": "9421", "amount": "92.27"}
{"event_type":"purchase", "timestamp":"2017-06-14 18:46:50", "id": "2816", "amount": "155.31"}
{"event_type":"purchase", "timestamp":"2017-06-14 18:46:50", "id": "4521", "amount": "107.45"}
{"event_type":"purchase", "timestamp":"2017-06-14 18:46:50", "id": "9072", "amount": "66.41"}
{"event_type":"purchase", "timestamp":"2017-06-14 18:46:50", "id": "3914", "amount": "10.36"}
{"event_type":"purchase", "timestamp":"2017-06-14 18:46:50", "id": "2830", "amount": "33.87"}
{"event_type":"purchase", "timestamp":"2017-06-14 18:46:50", "id": "53", "amount": "119.85"}
{"event_type":"purchase", "timestamp":"2017-06-14 18:46:50", "id": "5054", "amount": "107.44"}
{"event_type":"befriend", "timestamp":"2017-06-14 18:46:50", "id1": "7171", "id2": "2528"}
{"event_type":"purchase", "timestamp":"2017-06-14 18:46:50", "id": "6389", "amount": "104.77"}
{"event_type":"purchase", "timestamp":"2017-06-14 18:46:50", "id": "1783", "amount": "45.44"}
{"event_type":"purchase", "timestamp":"2017-06-14 18:46:50", "id": "5609", "amount": "74.70"}
{"event_type":"befriend", "timestamp":"2017-06-14 18:46:50", "id1": "4995", "id2": "4836"}
{"event_type":"purchase", "timestamp":"2017-06-14 18:46:50", "id": "856", "amount": "42.91"}
{"event_type":"purchase", "timestamp":"2017-06-14 18:46:50", "id": "6310", "amount": "78.43"}
{"event_type":"purchase", "timestamp":"2017-06-14 18:46:50", "id": "2357", "amount": "57.14"}
{"event_type":"purchase", "timestamp":"2017-06-14 18:46:50", "id": "6304", "amount": "75.17"}
{"event_type":"purchase", "timestamp":"2017-06-14 18:46:50", "id": "1582", "amount": "123.75"}
{"event_type":"purchase", "timestamp":"2017-06-14 18:46:50", "id": "1790", "amount": "37.34"}
{"event_type":"purchase", "timestamp":"2017-06-14 18:46:50", "id": "8494", "amount": "47.26"}
{"event_type":"purchase", "timestamp":"2017-06-14 18:46:50", "id": "6686", "amount": "13.87"}
{"event_type":"purchase", "timestamp":"2017-06-14 18:46:50", "id": "8987", "amount": "90.12"}
{"event_type":"purchase", "timestamp":"2017-06-14 18:46:50", "id": "7301", "amount": "2.68"}
{"event_type":"purchase", "timestamp":"2017-06-14 18:46:50", "id": "6694", "amount": "10.71"}
{"event_type":"purchase", "timestamp":"2017-06-14 18:46:50", "id": "366", "amount": "3.18"}
{"event_type":"purchase", "timestamp":"2017-06-14 18:46:50", "id": "3594", "amount": "76.90"}
{"event_type":"befriend", "timestamp":"2017-06-14 18:46:50", "id1": "1062", "id2": "2227"}
{"event_type":"purchase", "timestamp":"2017-06-14 18:46:50", "id": "4848", "amount": "43.20"}
{"event_type":"purchase", "timestamp":"2017-06-14 18:46:50", "id": "3490", "amount": "158.16"}
{"event_type":"purchase", "timestamp":"2017-06-14 18:46:50", "id": "7380", "amount": "94.79"}
{"event_type":"purchase", "timestamp":"2017-06-14 18:46:50", "id": "7049", "amount": "46.30"}
{"event_type":"purchase", "timestamp":"2017-06-14 18:46:50", "id": "6013", "amount": "116.38"}
{"event_type":"befriend", "timestamp":"2017-06-14 18:46:50", "id1": "8750", "id2": "4785"}
{"event_type":"purchase", "timestamp":"2017-06-14 18:46:50", "id": "9335", "amount": "48.13"}
{"event_type":"purchase", "timestamp":"2017-06-14 18:46:50", "id": "8165", "amount": "92.14"}
{"event_type":"befriend", "timestamp":"2017-06-14 18:46:50", "id1": "6925", "id2": "3068"}
{"event_type":"purchase", "timestamp":"2017-06-14 18:46:50", "id": "4021", "amount": "106.31"}
{"event_type":"purchase", "timestamp":"2017-06-14 18:46:50", "id": "5439", "amount": "94.25"}
{"event_type":"purchase", "timestamp":"2017-06-14 18:46:50", "id": "3877", "amount": "47.01"}
{"event_type":"purchase", "timestamp":"2017-06-14 18:46:50", "id": "7192", "amount": "83.94"}
{"event_type":"purchase", "timestamp":"2017-06-14 18:46:50", "id": "1438", "amount": "43.42"}
{"event_type":"purchase", "timestamp":"2017-06-14 18:46:50", "id": "5367", "amount": "81.17"}
{"event_type":"purchase", "timestamp":"2017-06-14 18:46:50", "id": "9790", "amount": "104.03"}
{"event_type":"purchase", "timestamp":"2017-06-14 18:46:50", "id": "7350", "amount": "113.13"}
{"event_type":"befriend", "timestamp":"2017-06-14 18:46:50", "id1": "8485", "id2": "8318"}
{"event_type":"befriend", "timestamp":"2017-06-14 18:46:50", "id1": "7613", "id2": "2265"}
{"event_type":"befriend", "timestamp":"2017-06-14 18:46:50", "id1": "1477", "id2": "2735"}
{"event_type":"purchase", "timestamp":"2017-06-14 18:46:50", "id": "8768", "amount": "49.77"}
{"event_type":"purchase", "timestamp":"2017-06-14 18:46:50", "id": "3714", "amount": "18.91"}
{"event_type":"purchase", "timestamp":"2017-06-14 18:46:50", "id": "5953", "amount": "38.06"}
{"event_type":"befriend", "timestamp":"2017-06-14 18:46:50", "id1": "4109", "id2": "8773"}
{"event_type":"purchase", "timestamp":"2017-06-14 18:46:50", "id": "9843", "amount": "8.72"}
{"event_type":"befriend", "timestamp":"2017-06-14 18:46:50", "id1": "5990", "id2": "3611"}
{"event_type":"purchase", "timestamp":"2017-06-14 18:46:50", "id": "43", "amount": "45.66"}
{"event_type":"purchase", "timestamp":"2017-06-14 18:46:50", "id": "6788", "amount": "78.57"}
{"event_type":"purchase", "timestamp":"2017-06-14 18:46:50", "id": "6820", "amount": "34.31"}
{"event_type":"unfriend", "timestamp":"2017-06-14 18:46:50", "id1": "907", "id2": "4553"}
{"event_type":"befriend", "timestamp":"2017-06-14 18:46:50", "id1": "4790", "id2": "9344"}
{"event_type":"befriend", "timestamp":"2017-06-14 18:46:50", "id1": "1471", "id2": "2319"}
{"event_type":"purchase", "timestamp":"2017-06-14 18:46:50", "id": "7081", "amount": "37.07"}
{"event_type":"purchase", "timestamp":"2017-06-14 18:46:50", "id": "1848", "amount": "101.86"}
{"event_type":"purchase", "timestamp":"2017-06-14 18:46:50", "id": "1179", "amount": "89.15"}
{"event_type":"purchase", "timestamp":"2017-06-14 18:46:50", "id": "9785", "amount": "139.76"}
{"event_type":"purchase", "timestamp":"2017-06-14 18:46:50", "id": "3171", "amount": "66.30"}
{"event_type":"purchase", "timestamp":"2017-06-14 18:46:50", "id": "3994", "amount": "117.45"}
{"event_type":"purchase", "timestamp":"2017-06-14 18:46:50", "id": "9708", "amount": "74.06"}
{"event_type":"purchase", "timestamp":"2017-06-14 18:46:50", "id": "3293", "amount": "23.69"}
{"event_type":"purchase", "timestamp":"2017-06-14 18:46:50", "id": "5935", "amount": "28.07"}
{"event_type":"purchase", "timestamp":"2017-06-14 18:46:50", "id": "8601", "amount": "72.01"}
{"event_type":"befriend", "timestamp":"2017-06-14 18:46:50", "id1": "4890", "id2": "4161"}
{"event_type":"purchase", "timestamp":"2017-06-14 18:46:50", "id": "8233", "amount": "119.78"}
{"event_type":"purchase", "timestamp":"2017-06-14 18:46:50", "id": "9593", "amount": "25.13"}
{"event_type":"purchase", "timestamp":"2017-06-14 18:46:50", "id": "3893", "amount": "57.68"}
{"event_type":"purchase", "timestamp":"2017-06-14 18:46:50", "id": "2922", "amount": "108.29"}
{"event_type":"purchase", "timestamp":"2017-06-14 18:46:50", "id": "8084", "amount": "46.73"}
{"event_type":"befriend", "timestamp":"2017-06-14 18:46:50", "id1": "7530", "id2": "1889"}
{"event_type":"purchase", "timestamp":"2017-06-14 18:46:50", "id": "5348", "amount": "14.11"}
{"event_type":"purchase", "timestamp":"2017-06-14 18:46:50", "id": "6208", "amount": "118.49"}
{"event_type":"purchase", "timestamp":"2017-06-14 18:46:50", "id": "7516", "amount": "71.71"}
{"event_type":"purchase", "timestamp":"2017-06-14 18:46:50", "id": "1932", "amount": "136.96"}
{"event_type":"purchase", "timestamp":"2017-06-14 18:46:50", "id": "9241", "amount": "60.69"}
{"event_type":"purchase", "timestamp":"2017-06-14 18:46:50", "id": "5484", "amount": "37.35"}
{"event_type":"befriend", "timestamp":"2017-06-14 18:46:50", "id1": "6510", "id2": "9489"}
{"event_type":"purchase", "timestamp":"2017-06-14 18:46:50", "id": "9761", "amount": "196.51"}
{"event_type":"befriend", "timestamp":"2017-06-14 18:46:50", "id1": "7514", "id2": "4384"}
{"event_type":"purchase", "timestamp":"2017-06-14 18:46:50", "id": "8359", "amount": "83.10"}
{"event_type":"befriend", "timestamp":"2017-06-14 18:46:50", "id1": "5387", "id2": "1114"}
{"event_type":"purchase", "timestamp":"2017-06-14 18:46:50", "id": "6197", "amount": "33.68"}
{"event_type":"befriend", "timestamp":"2017-06-14 18:46:50", "id1": "9970", "id2": "6534"}
{"event_type":"purchase", "timestamp":"2017-06-14 18:46:50", "id": "2208", "amount": "63.27"}
{"event_type":"purchase", "timestamp":"2017-06-14 18:46:50", "id": "5603", "amount": "36.47"}
{"event_type":"befriend", "timestamp":"2017-06-14 18:46:50", "id1": "2841", "id2": "3993"}
{"event_type":"purchase", "timestamp":"2017-06-14 18:46:50", "id": "5009", "amount": "164.16"}
{"event_type":"purchase", "timestamp":"2017-06-14 18:46:50", "id": "8211", "amount": "35.10"}
{"event_type":"purchase", "timestamp":"2017-06-14 18:46:50", "id": "7671", "amount": "55.84"}
{"event_type":"purchase", "timestamp":"2017-06-14 18:46:50", "id": "4918", "amount": "2.71"}
{"event_type":"purchase", "timestamp":"2017-06-14 18:46:50", "id": "6790", "amount": "58.51"}
{"event_type":"purchase", "timestamp":"2017-06-14 18:46:50", "id": "222", "amount": "46.44"}
{"event_type":"purchase", "timestamp":"2017-06-14 18:46:50", "id": "9831", "amount": "145.69"}
{"event_type":"purchase", "timestamp":"2017-06-14 18:46:50", "id": "1864", "amount": "9.01"}
{"event_type":"befriend", "timestamp":"2017-06-14 18:46:50", "id1": "2357", "id2": "1886"}
{"event_type":"purchase", "timestamp":"2017-06-14 18:46:50", "id": "2727", "amount": "16.48"}
{"event_type":"befriend", "timestamp":"2017-06-14 18:46:50", "id1": "6972", "id2": "1673"}
{"event_type":"purchase", "timestamp":"2017-06-14 18:46:50", "id": "9214", "amount": "26.01"}
{"event_type":"befriend", "timestamp":"2017-06-14 18:46:50", "id1": "8944", "id2": "5292"}
{"event_type":"purchase", "timestamp":"2017-06-14 18:46:50", "id": "3843", "amount": "109.17"}
{"event_type":"purchase", "timestamp":"2017-06-14 18:46:50", "id": "9133", "amount": "141.98"}
{"event_type":"purchase", "timestamp":"2017-06-14 18:46:50", "id": "8514", "amount": "32.38"}
{"event_type":"befriend", "timestamp":"2017-06-14 18:46:50", "id1": "1340", "id2": "6479"}
{"event_type":"purchase", "timestamp":"2017-06-14 18:46:50", "id": "8348", "amount": "24.54"}
{"event_type":"purchase", "timestamp":"2017-06-14 18:46:50", "id": "5155", "amount": "65.20"}
{"event_type":"purchase", "timestamp":"2017-06-14 18:46:50", "id": "4115", "amount": "125.38"}
{"event_type":"purchase", "timestamp":"2017-06-14 18:46:50", "id": "6837", "amount": "23.30"}
{"event_type":"purchase", "timestamp":"2017-06-14 18:46:50", "id": "3767", "amount": "167.43"}
{"event_type":"purchase", "timestamp":"2017-06-14 18:46:50", "id": "2103", "amount": "92.93"}
{"event_type":"purchase", "timestamp":"2017-06-14 18:46:50", "id": "4971", "amount": "47.45"}

