{"filter":false,"title":"flagged_purchases.json","tooltip":"/log_output/flagged_purchases.json","undoManager":{"mark":1,"position":1,"stack":[[{"start":{"row":0,"column":0},"end":{"row":1,"column":0},"action":"remove","lines":["{\"amount\": \"1601.83\", \"event_type\": \"purchase\", \"timestamp\": \"2017-06-13 11:33:02\", \"mean\": \"29.10\", \"id\": \"2\", \"sd\": \"21.46\"}",""],"id":2}],[{"start":{"row":0,"column":0},"end":{"row":1,"column":0},"action":"insert","lines":["{\"amount\": \"1601.83\", \"event_type\": \"purchase\", \"timestamp\": \"2017-06-13 11:33:02\", \"mean\": \"29.10\", \"id\": \"2\", \"sd\": \"21.46\"}",""],"id":3,"ignore":true}]]},"ace":{"folds":[],"scrolltop":0,"scrollleft":0,"selection":{"start":{"row":0,"column":0},"end":{"row":0,"column":0},"isBackwards":false},"options":{"guessTabSize":true,"useWrapMode":false,"wrapToView":true},"firstLineState":0},"timestamp":1499245240812,"hash":"abc3b04c13d196b3c4124480d3a25153ffabad92"}